customer_id,customer_name,city,region,signup_date,email
CUST0001,Priya Verma,Nagpur,Central,2023-07-18,priya.verma251@mail.com
CUST0002,Sanjay Sharma,Nagpur,Central,2022-07-29,sanjay.sharma693@mail.com
CUST0003,Suresh Singh,Lucknow,North,2024-05-14,suresh.singh33@mail.com
CUST0004,Aman Singh,Chennai,South,2023-04-22,aman.singh518@mail.com
CUST0005,Vikram Verma,Jaipur,North,2023-02-12,vikram.verma734@mail.com
CUST0006,Suresh Gupta,  mumbai ,South,2024-07-08,suresh.gupta604@mail.com
CUST0007,Pooja Chopra,Indore,Central,2022-01-14,pooja.chopra778@mail.com
CUST0008,Vivek Iyer,Pune,West,2023-11-28,vivek.iyer285@mail.com
CUST0009,Kiran Das,Patna,East,2023-11-21,kiran.das105@mail.com
CUST0010,Rohit Gupta,Delhi,North,2024-01-06,rohit.gupta868@mail.com
CUST0011,Manish Nair,DELHI,East,2022-03-30,manish.nair748@mail.com
CUST0012,Simran Patel,Delhi,North,2024-02-15,simran.patel81@mail.com
CUST0013,Suresh Mehta,Indore,Central,2025-07-11,suresh.mehta634@mail.com
CUST0014,Manish Nair,Chennai,South,2022-05-23,manish.nair47@mail.com
CUST0015,Sanjay Chopra,Kolkata,East,2022-06-13,sanjay.chopra876@mail.com
CUST0016,Sanjay Malhotra,Delhi,North,2024-02-18,
CUST0017,Simran Reddy,Indore,Central,2024-01-18,simran.reddy167@mail.com
CUST0018,Manish Rao,Chennai,South,2025-10-04,manish.rao274@mail.com
CUST0019,Rohit Nair,Bhopal,Central,2022-12-17,rohit.nair547@mail.com
CUST0020,Sanjay Sharma,Ahmedabad,West,2024-02-17,sanjay.sharma277@mail.com
CUST0021,SURESH DAS,Bhopal,Central,2023-10-27,suresh.das864@mail.com
CUST0022,Ananya Das,Indore,Central,2022-03-07,ananya.das825@mail.com
CUST0023,Deepika Gupta,Kolkata,East,2022-05-16,deepika.gupta217@mail.com
CUST0024,Meera Bansal,Nagpur,Central,2023-10-07,meera.bansal218@mail.com
CUST0025,Karan Gupta,Kanpur,North,2025-08-09,karan.gupta470@mail.com
CUST0026,Kiran Mehta,Bengaluru,South,2023-05-21,kiran.mehta763@mail.com
CUST0027,Suresh Patel,Kolkata,East,2025-04-12,suresh.patel439@mail.com
CUST0028,Meera Gupta,Hyderabad,South,2023-03-26,meera.gupta142@mail.com
CUST0029,Divya Kumar,Delhi,North,2022-04-07,divya.kumar882@mail.com
CUST0030,Priya Sharma,Bhopal,Central,2022-11-24,priya.sharma812@mail.com
CUST0031,Rahul Nair,Delhi,North,2024-02-28,rahul.nair391@mail.com
CUST0032,Vikram Kumar,Jaipur,North,2023-05-30,vikram.kumar995@mail.com
CUST0033,Suresh Malhotra,Mumbai,West,2025-10-25,suresh.malhotra739@mail.com
CUST0034,Priya Reddy,Kanpur,North,2025-01-04,priya.reddy769@mail.com
CUST0035,Pooja Chopra,Bhopal,Central,2023-11-28,pooja.chopra115@mail.com
CUST0036,Arjun Gupta,Bengaluru,South,2024-07-18,arjun.gupta4@mail.com
CUST0037,Pooja Patel,Patna,East,2023-01-01,pooja.patel520@mail.com
CUST0038,Priya Malhotra,Bhopal,Central,2023-09-04,priya.malhotra862@mail.com
CUST0039,Divya Nair,Chennai,South,2022-11-10,divya.nair383@mail.com
CUST0040,Vivek Patel,Patna,East,2024-12-22,vivek.patel941@mail.com
CUST0041,Aman Nair,Hyderabad,South,2024-09-27,aman.nair20@mail.com
CUST0042,Priya Bansal,Hyderabad,South,2023-09-22,priya.bansal246@mail.com
CUST0043,Ananya Das,Kanpur,North,2025-03-07,ananya.das970@mail.com
CUST0044,Rohit Singh,Nagpur,Central,2024-09-22,rohit.singh836@mail.com
CUST0045,Rohit Chopra,Jaipur,North,2022-09-15,rohit.chopra132@mail.com
CUST0046,Karan Patel,Bengaluru,South,2023-06-27,karan.patel541@mail.com
CUST0047,Vikram Gupta,Chennai,South,2025-01-09,vikram.gupta774@mail.com
CUST0048,Neha Iyer,Kolkata,East,2024-03-28,neha.iyer688@mail.com
CUST0049,Manish Kumar,Kanpur,North,2024-11-25,manish.kumar463@mail.com
CUST0050,Priya Das,Chennai,South,2022-05-12,priya.das347@mail.com
CUST0051,Aman Nair,Jaipur,North,2023-04-17,aman.nair603@mail.com
CUST0052,Sanjay Verma,Delhi,North,2025-07-16,sanjay.verma61@mail.com
CUST0053,Sanjay Singh,Kanpur,North,2022-03-06,sanjay.singh881@mail.com
CUST0054,Deepika Singh,Jaipur,North,2023-05-03,deepika.singh286@mail.com
CUST0055,Karan Das,Jaipur,North,2022-09-28,karan.das741@mail.com
CUST0056,Meera Nair,Ahmedabad,West,2023-05-13,meera.nair804@mail.com
CUST0057,Karan Chopra,Pune,West,2023-01-25,karan.chopra97@mail.com
CUST0058,Priya Reddy,Pune,West,2023-12-27,priya.reddy434@mail.com
CUST0059,Rahul Kumar,Indore,Central,2022-04-21,rahul.kumar690@mail.com
CUST0060,Priya Verma,Pune,West,2023-11-26,priya.verma820@mail.com
CUST0061,Priya Das,Chennai,South,2023-01-25,priya.das550@mail.com
CUST0062,Simran Sharma,Pune,West,2023-01-11,simran.sharma286@mail.com
CUST0063,Simran Das,Indore,Central,2022-06-04,simran.das454@mail.com
CUST0064,Suresh Singh,Mumbai,West,2025-08-28,suresh.singh554@mail.com
CUST0065,Aman Singh,Kanpur,North,2023-04-30,aman.singh171@mail.com
CUST0066,Rahul Kumar,Ahmedabad,West,2023-03-14,rahul.kumar886@mail.com
CUST0067,Kavya Bansal,Mumbai,West,2022-12-04,kavya.bansal389@mail.com
CUST0068,Aman Gupta,Kolkata,East,2024-07-20,aman.gupta293@mail.com
CUST0069,Rahul Iyer,Nagpur,Central,2025-02-12,rahul.iyer678@mail.com
CUST0070,Karan Sharma,Chennai,South,2023-08-31,karan.sharma223@mail.com
CUST0071,Ananya Nair,Nagpur,Central,2025-01-15,ananya.nair63@mail.com
CUST0072,Deepika Verma,Mumbai,West,2025-04-11,deepika.verma489@mail.com
CUST0073,Divya Bansal,Indore,Central,2024-12-23,divya.bansal162@mail.com
CUST0074,Ananya Patel,Delhi,North,2023-01-16,ananya.patel71@mail.com
CUST0075,Vikram Singh,Bhopal,Central,2023-04-27,vikram.singh414@mail.com
CUST0076,Priya Bansal,Lucknow,North,2023-05-20,priya.bansal593@mail.com
CUST0077,Vikram Verma,Lucknow,North,2022-06-17,vikram.verma430@mail.com
CUST0078,Meera Nair,Jaipur,North,2023-10-10,meera.nair958@mail.com
CUST0079,Pooja Das,Bhopal,Central,2023-10-06,pooja.das245@mail.com
CUST0080,Pooja Gupta,Bengaluru,South,2025-10-07,pooja.gupta661@mail.com
CUST0081,Arjun Kumar,Hyderabad,South,2022-05-29,arjun.kumar10@mail.com
CUST0082,Simran Nair,Lucknow,North,2022-07-24,simran.nair76@mail.com
CUST0083,Suresh Das,Jaipur,North,2023-06-28,suresh.das136@mail.com
CUST0084,Manish Bansal,Delhi,North,2023-05-16,manish.bansal379@mail.com
CUST0085,Arjun Sharma,Ahmedabad,West,2025-01-17,arjun.sharma721@mail.com
CUST0086,Arjun Nair,Patna,East,2025-09-01,arjun.nair542@mail.com
CUST0087,Aman Reddy,Indore,Central,2025-02-09,aman.reddy307@mail.com
CUST0088,Priya Bansal,Bengaluru,South,2023-06-26,priya.bansal119@mail.com
CUST0089,Priya Iyer,Jaipur,North,2022-11-15,priya.iyer279@mail.com
CUST0090,Arjun Nair,Chennai,South,2023-12-04,arjun.nair209@mail.com
CUST0091,Pooja Patel,Ahmedabad,West,2023-05-30,pooja.patel928@mail.com
CUST0092,Ananya Singh,Bhopal,Central,2024-05-17,ananya.singh850@mail.com
CUST0093,Pooja Verma,Mumbai,West,2023-11-15,pooja.verma790@mail.com
CUST0094,Kiran Reddy,Kolkata,East,2022-11-27,kiran.reddy760@mail.com
CUST0095,Simran Patel,Nagpur,Central,2024-05-25,simran.patel575@mail.com
CUST0096,Aman Singh,Delhi,North,2022-11-02,aman.singh559@mail.com
CUST0097,Ananya Malhotra,Hyderabad,South,2025-04-07,ananya.malhotra566@mail.com
CUST0098,Kiran Gupta,Bengaluru,South,2022-03-27,kiran.gupta316@mail.com
CUST0099,Manish Bansal,Kanpur,North,2022-03-23,manish.bansal921@mail.com
CUST0100,Manish Das,Bhopal,Central,2023-05-27,manish.das683@mail.com
CUST0101,Priya Rao,Patna,East,2025-02-20,priya.rao906@mail.com
CUST0102,Rahul Nair,Nagpur,Central,2022-11-13,rahul.nair948@mail.com
CUST0103,Sanjay Malhotra,Bengaluru,South,2022-12-29,sanjay.malhotra903@mail.com
CUST0104,Rahul Verma,Bengaluru,South,2023-11-12,rahul.verma802@mail.com
CUST0105,Rahul Chopra,Bhopal,Central,2023-05-24,rahul.chopra274@mail.com
CUST0106,Vivek Chopra,Nagpur,Central,2022-08-10,vivek.chopra392@mail.com
CUST0107,Ananya Malhotra,Ahmedabad,West,2023-04-01,ananya.malhotra205@mail.com
CUST0108,Simran Rao,Kolkata,East,2023-04-12,simran.rao229@mail.com
CUST0109,Aman Reddy,Chennai,South,2024-03-27,aman.reddy337@mail.com
CUST0110,Pooja Malhotra,Delhi,North,2023-07-26,pooja.malhotra360@mail.com
CUST0111,Divya Gupta,Bhopal,Central,2025-01-03,divya.gupta340@mail.com
CUST0112,Aman Singh,Kanpur,North,2023-06-19,aman.singh183@mail.com
CUST0113,Meera Mehta,Mumbai,West,2022-08-11,meera.mehta611@mail.com
CUST0114,Rahul Rao,Nagpur,Central,2023-10-05,rahul.rao447@mail.com
CUST0115,Vikram Patel,Delhi,North,2024-02-28,vikram.patel922@mail.com
CUST0116,Meera Das,Kolkata,East,2022-04-01,meera.das726@mail.com
CUST0117,Rahul Verma,Jaipur,North,2025-01-07,rahul.verma704@mail.com
CUST0118,Neha Rao,Pune,West,2022-05-24,neha.rao972@mail.com
CUST0119,Deepika Nair,Hyderabad,South,2025-09-20,deepika.nair869@mail.com
CUST0120,Priya Iyer,Kanpur,North,2023-09-08,priya.iyer520@mail.com
