order_item_id,order_id,product_id,category,quantity,unit_price,discount_pct,total_amount
ITEM00001,ORD0001,PROD040,Stationery,3.0,505.61,0,1516.83
ITEM00002,ORD0001,PROD031,Stationery,1.0,3936.84,0,3936.84
ITEM00003,ORD0001,PROD014,Home & Kitchen,4.0,3100.08,0,12400.32
ITEM00004,ORD0001,PROD008,Electronics,4.0,2453.63,0,9814.52
ITEM00005,ORD0002,PROD033,Stationery,3.0,3834.71,10,10353.72
ITEM00006,ORD0002,PROD009,Electronics,5.0,3434.66,0,17173.3
ITEM00007,ORD0002,PROD037,Stationery,3.0,1530.97,15,3903.97
ITEM00008,ORD0003,PROD048,Sports,2.0,3454.86,0,6909.72
ITEM00009,ORD0003,PROD038,Stationery,1.0,4106.0,5,3900.7
ITEM00010,ORD0003,PROD045,Sports,3.0,2292.74,0,6878.22
ITEM00011,ORD0004,PROD035,Stationery,,5320.82,15,22613.48
ITEM00012,ORD0004,PROD041,Sports,3.0,1409.86,15,3595.14
ITEM00013,ORD0004,PROD023,Fashion,1.0,2613.33,15,2221.33
ITEM00014,ORD0004,PROD039,Stationery,3.0,2966.74,0,8900.22
ITEM00015,ORD0005,PROD014,Home & Kitchen,2.0,3100.08,0,6200.16
ITEM00016,ORD0005,PROD009,Electronics,4.0,3434.66,0,13738.64
ITEM00017,ORD0006,PROD018,Home & Kitchen,5.0,1399.44,0,6997.2
ITEM00018,ORD0006,PROD021,Fashion,4.0,1279.07,15,4348.84
ITEM00019,ORD0006,PROD007,Electronics,5.0,157.66,5,748.88
ITEM00020,ORD0006,PROD034,Stationery,5.0,4498.22,15,19117.44
ITEM00021,ORD0007,PROD045,Sports,2.0,-50.0,15,3897.66
ITEM00022,ORD0007,PROD028,Fashion,5.0,1697.6,0,8488.0
ITEM00023,ORD0008,PROD006,Electronics,5.0,1744.28,15,7413.19
ITEM00024,ORD0008,PROD020,Home & Kitchen,3.0,2430.34,0,7291.02
ITEM00025,ORD0008,PROD046,Sports,5.0,1940.54,0,9702.7
ITEM00026,ORD0008,PROD024,Fashion,1.0,4539.75,10,4085.78
ITEM00027,ORD0009,PROD004,Electronics,5.0,5398.5,10,24293.25
ITEM00028,ORD0009,PROD039,Stationery,2.0,2966.74,0,5933.48
ITEM00029,ORD0010,PROD037,Stationery,5.0,1530.97,5,7272.11
ITEM00030,ORD0010,PROD038,Stationery,1.0,4106.0,15,3490.1
ITEM00031,ORD0010,PROD023,Fashion,2.0,2613.33,15,4442.66
ITEM00032,ORD0011,PROD027,Fashion,1.0,2155.11,10,1939.6
ITEM00033,ORD0011,PROD008,Electronics,4.0,2453.63,0,9814.52
ITEM00034,ORD0011,PROD043,Sports,4.0,1483.18,0,5932.72
ITEM00035,ORD0011,PROD049,Sports,5.0,5140.7,5,24418.32
ITEM00036,ORD0012,PROD038,Stationery,5.0,4106.0,0,20530.0
ITEM00037,ORD0012,PROD044,Sports,5.0,2917.41,5,13857.7
ITEM00038,ORD0012,PROD043,Sports,3.0,1483.18,15,3782.11
ITEM00039,ORD0012,PROD014,Home & Kitchen,1.0,3100.08,5,2945.08
ITEM00040,ORD0013,PROD043,Sports,1.0,1483.18,15,1260.7
ITEM00041,ORD0013,PROD047,Sports,2.0,2787.61,10,5017.7
ITEM00042,ORD0013,PROD032,Stationery,1.0,4971.23,0,4971.23
ITEM00043,ORD0014,PROD005,Electronics,3.0,5039.33,15,12850.29
ITEM00044,ORD0014,PROD015,Home & Kitchen,1.0,4887.56,10,4398.8
ITEM00045,ORD0014,PROD045,Sports,1.0,2292.74,0,2292.74
ITEM00046,ORD0014,PROD033,Stationery,4.0,3834.71,0,15338.84
ITEM00047,ORD0015,PROD016,Home & Kitchen,4.0,3081.13,0,12324.52
ITEM00048,ORD0015,PROD003,Electronics,2.0,787.39,15,1338.56
ITEM00049,ORD0015,PROD037,Stationery,4.0,1530.97,0,6123.88
ITEM00050,ORD0016,PROD007,Electronics,4.0,157.66,5,599.11
ITEM00051,ORD0016,PROD050,Sports,4.0,1570.41,0,6281.64
ITEM00052,ORD0016,PROD008,Electronics,5.0,2453.63,0,12268.15
ITEM00053,ORD0016,PROD006,Electronics,3.0,1744.28,0,5232.84
ITEM00054,ORD0017,PROD003,Electronics,5.0,787.39,5,3740.1
ITEM00055,ORD0017,PROD013,Home & Kitchen,5.0,610.15,0,3050.75
ITEM00056,ORD0018,PROD027,Fashion,1.0,2155.11,0,2155.11
ITEM00057,ORD0018,PROD012,Home & Kitchen,3.0,3498.84,5,9971.69
ITEM00058,ORD0019,PROD018,Home & Kitchen,5.0,1399.44,5,6647.34
ITEM00059,ORD0019,PROD017,Home & Kitchen,2.0,895.62,0,1791.24
ITEM00060,ORD0019,PROD013,Home & Kitchen,4.0,610.15,0,2440.6
ITEM00061,ORD0019,PROD010,Electronics,2.0,2062.79,0,4125.58
ITEM00062,ORD0020,PROD011,Home & Kitchen,1.0,3107.99,0,3107.99
ITEM00063,ORD0020,PROD029,Fashion,4.0,2877.77,10,10359.97
ITEM00064,ORD0021,PROD031,Stationery,2.0,3936.84,0,7873.68
ITEM00065,ORD0022,PROD013,Home & Kitchen,1.0,610.15,10,549.13
ITEM00066,ORD0023,PROD012,Home & Kitchen,4.0,3498.84,10,12595.82
ITEM00067,ORD0024,PROD009,Electronics,2.0,3434.66,15,5838.92
ITEM00068,ORD0025,PROD012,Home & Kitchen,4.0,3498.84,5,13295.59
ITEM00069,ORD0026,PROD018,Home & Kitchen,5.0,1399.44,0,6997.2
ITEM00070,ORD0026,PROD004,Electronics,1.0,5398.5,0,5398.5
ITEM00071,ORD0027,PROD015,Home & Kitchen,2.0,4887.56,15,8308.85
ITEM00072,ORD0027,PROD026,Fashion,5.0,1319.07,0,6595.35
ITEM00073,ORD0027,PROD023,Fashion,5.0,2613.33,10,11759.99
ITEM00074,ORD0028,PROD010,Electronics,2.0,2062.79,0,4125.58
ITEM00075,ORD0028,PROD014,Home & Kitchen,2.0,3100.08,15,5270.14
ITEM00076,ORD0028,PROD042,Sports,5.0,2373.9,0,11869.5
ITEM00077,ORD0029,PROD032,Stationery,3.0,4971.23,0,14913.69
ITEM00078,ORD0029,PROD021,Fashion,1.0,1279.07,10,1151.16
ITEM00079,ORD0029,PROD047,Sports,5.0,2787.61,15,11847.34
ITEM00080,ORD0029,PROD001,Electronics,2.0,1662.43,15,2826.13
ITEM00081,ORD0030,PROD039,Stationery,5.0,2966.74,5,14092.01
ITEM00082,ORD0030,PROD025,Fashion,1.0,688.36,0,688.36
ITEM00083,ORD0030,PROD023,Fashion,4.0,2613.33,10,9407.99
ITEM00084,ORD0030,PROD010,Electronics,3.0,2062.79,15,5260.11
ITEM00085,ORD0031,PROD030,Fashion,4.0,4456.97,0,17827.88
ITEM00086,ORD0031,PROD011,Home & Kitchen,3.0,3107.99,5,8857.77
ITEM00087,ORD0031,PROD037,Stationery,2.0,1530.97,10,2755.75
ITEM00088,ORD0031,PROD043,Sports,4.0,1483.18,0,5932.72
ITEM00089,ORD0032,PROD040,Stationery,3.0,505.61,15,1289.31
ITEM00090,ORD0032,PROD023,Fashion,2.0,2613.33,5,4965.33
ITEM00091,ORD0033,PROD042,Sports,5.0,2373.9,5,11276.02
ITEM00092,ORD0034,PROD045,Sports,5.0,2292.74,10,10317.33
ITEM00093,ORD0034,PROD015,Home & Kitchen,2.0,4887.56,5,9286.36
ITEM00094,ORD0034,PROD032,Stationery,2.0,4971.23,0,9942.46
ITEM00095,ORD0034,PROD004,Electronics,2.0,5398.5,0,10797.0
ITEM00096,ORD0035,PROD017,Home & Kitchen,4.0,895.62,0,3582.48
ITEM00097,ORD0036,PROD035,Stationery,5.0,5320.82,15,22613.48
ITEM00098,ORD0037,PROD036,Stationery,1.0,2263.97,0,2263.97
ITEM00099,ORD0037,PROD037,Stationery,4.0,1530.97,15,5205.3
ITEM00100,ORD0038,PROD005,Electronics,1.0,5039.33,0,5039.33
ITEM00101,ORD0039,PROD026,Fashion,4.0,1319.07,0,5276.28
ITEM00102,ORD0039,PROD016,Home & Kitchen,3.0,3081.13,0,9243.39
ITEM00103,ORD0040,PROD027,Fashion,2.0,2155.11,0,4310.22
ITEM00104,ORD0041,PROD037,Stationery,4.0,1530.97,0,6123.88
ITEM00105,ORD0042,PROD040,Stationery,4.0,505.61,0,2022.44
ITEM00106,ORD0042,PROD007,Electronics,5.0,157.66,0,788.3
ITEM00107,ORD0043,PROD005,Electronics,4.0,5039.33,5,19149.45
ITEM00108,ORD0043,PROD014,Home & Kitchen,5.0,3100.08,15,13175.34
ITEM00109,ORD0043,PROD026,Fashion,3.0,1319.07,0,3957.21
ITEM00110,ORD0044,PROD008,Electronics,3.0,2453.63,10,6624.8
ITEM00111,ORD0044,PROD011,Home & Kitchen,4.0,3107.99,5,11810.36
ITEM00112,ORD0044,PROD040,Stationery,1.0,505.61,15,429.77
ITEM00113,ORD0045,PROD019,Home & Kitchen,3.0,3501.59,0,10504.77
ITEM00114,ORD0045,PROD028,Fashion,3.0,1697.6,0,5092.8
ITEM00115,ORD0045,PROD021,Fashion,4.0,1279.07,0,5116.28
ITEM00116,ORD0045,PROD014,Home & Kitchen,5.0,3100.08,0,15500.4
ITEM00117,ORD0046,PROD036,Stationery,1.0,2263.97,0,2263.97
ITEM00118,ORD0046,PROD019,Home & Kitchen,5.0,3501.59,10,15757.16
ITEM00119,ORD0047,PROD038,Stationery,3.0,4106.0,0,12318.0
ITEM00120,ORD0047,PROD002,Electronics,2.0,1984.17,0,3968.34
ITEM00121,ORD0047,PROD006,Electronics,2.0,1744.28,5,3314.13
ITEM00122,ORD0047,PROD031,Stationery,5.0,3936.84,0,19684.2
ITEM00123,ORD0048,PROD007,Electronics,5.0,157.66,15,670.05
ITEM00124,ORD0048,PROD040,Stationery,3.0,505.61,0,1516.83
ITEM00125,ORD0048,PROD013,Home & Kitchen,4.0,610.15,15,2074.51
ITEM00126,ORD0048,PROD037,Stationery,4.0,1530.97,5,5817.69
ITEM00127,ORD0049,PROD038,Stationery,3.0,4106.0,0,12318.0
ITEM00128,ORD0049,PROD021,Fashion,2.0,1279.07,15,2174.42
ITEM00129,ORD0050,PROD007,Electronics,2.0,157.66,10,283.79
ITEM00130,ORD0050,PROD041,Sports,1.0,1409.86,10,1268.87
ITEM00131,ORD0050,PROD023,Fashion,1.0,2613.33,0,2613.33
ITEM00132,ORD0050,PROD046,Sports,1.0,1940.54,0,1940.54
ITEM00133,ORD0051,PROD009,Electronics,2.0,3434.66,15,5838.92
ITEM00134,ORD0051,PROD034,Stationery,2.0,4498.22,0,8996.44
ITEM00135,ORD0051,PROD026,Fashion,2.0,1319.07,0,2638.14
ITEM00136,ORD0051,PROD002,Electronics,2.0,1984.17,10,3571.51
ITEM00137,ORD0052,PROD031,Stationery,3.0,3936.84,0,11810.52
ITEM00138,ORD0052,PROD043,Sports,5.0,1483.18,15,6303.52
ITEM00139,ORD0052,PROD038,Stationery,5.0,4106.0,5,19503.5
ITEM00140,ORD0052,PROD010,Electronics,4.0,2062.79,0,8251.16
ITEM00141,ORD0053,PROD030,Fashion,5.0,4456.97,10,20056.37
ITEM00142,ORD0054,PROD041,Sports,1.0,1409.86,0,1409.86
ITEM00143,ORD0054,PROD013,Home & Kitchen,5.0,610.15,15,2593.14
ITEM00144,ORD0054,PROD003,Electronics,3.0,787.39,10,2125.95
ITEM00145,ORD0054,PROD014,Home & Kitchen,3.0,3100.08,0,9300.24
ITEM00146,ORD0055,PROD003,Electronics,2.0,787.39,0,1574.78
ITEM00147,ORD0055,PROD014,Home & Kitchen,1.0,3100.08,10,2790.07
ITEM00148,ORD0055,PROD012,Home & Kitchen,2.0,3498.84,0,6997.68
ITEM00149,ORD0055,PROD042,Sports,2.0,2373.9,10,4273.02
ITEM00150,ORD0056,PROD042,Sports,3.0,2373.9,0,7121.7
ITEM00151,ORD0056,PROD021,Fashion,4.0,1279.07,0,5116.28
ITEM00152,ORD0056,PROD017,Home & Kitchen,3.0,895.62,5,2552.52
ITEM00153,ORD0057,PROD007,Electronics,5.0,157.66,0,788.3
ITEM00154,ORD0057,PROD029,Fashion,2.0,2877.77,0,5755.54
ITEM00155,ORD0057,PROD027,Fashion,1.0,2155.11,15,1831.84
ITEM00156,ORD0057,PROD033,Stationery,1.0,3834.71,0,3834.71
ITEM00157,ORD0058,PROD037,Stationery,4.0,1530.97,5,5817.69
ITEM00158,ORD0058,PROD001,Electronics,5.0,1662.43,5,7896.54
ITEM00159,ORD0058,PROD031,Stationery,1.0,3936.84,15,3346.31
ITEM00160,ORD0058,PROD007,Electronics,1.0,157.66,15,134.01
ITEM00161,ORD0059,PROD016,Home & Kitchen,1.0,3081.13,5,2927.07
ITEM00162,ORD0059,PROD019,Home & Kitchen,4.0,3501.59,15,11905.41
ITEM00163,ORD0060,PROD041,Sports,5.0,1409.86,0,7049.3
ITEM00164,ORD0060,PROD037,Stationery,5.0,1530.97,0,7654.85
ITEM00165,ORD0060,PROD026,Fashion,2.0,1319.07,0,2638.14
ITEM00166,ORD0061,PROD029,Fashion,3.0,2877.77,0,8633.31
ITEM00167,ORD0061,PROD014,Home & Kitchen,1.0,3100.08,15,2635.07
ITEM00168,ORD0061,PROD033,Stationery,3.0,3834.71,10,10353.72
ITEM00169,ORD0061,PROD018,Home & Kitchen,5.0,1399.44,15,5947.62
ITEM00170,ORD0062,PROD030,Fashion,2.0,4456.97,0,8913.94
ITEM00171,ORD0063,PROD022,Fashion,2.0,2330.57,10,4195.03
ITEM00172,ORD0064,PROD029,Fashion,4.0,2877.77,0,11511.08
ITEM00173,ORD0064,PROD002,Electronics,3.0,1984.17,0,5952.51
ITEM00174,ORD0065,PROD041,Sports,5.0,1409.86,5,6696.83
ITEM00175,ORD0065,PROD034,Stationery,5.0,4498.22,0,22491.1
ITEM00176,ORD0066,PROD017,Home & Kitchen,2.0,895.62,15,1522.55
ITEM00177,ORD0066,PROD013,Home & Kitchen,1.0,610.15,10,549.13
ITEM00178,ORD0066,PROD010,Electronics,3.0,2062.79,0,6188.37
ITEM00179,ORD0066,PROD023,Fashion,1.0,2613.33,5,2482.66
ITEM00180,ORD0067,PROD039,Stationery,1.0,2966.74,0,2966.74
ITEM00181,ORD0067,PROD036,Stationery,5.0,2263.97,10,10187.86
ITEM00182,ORD0068,PROD022,Fashion,3.0,2330.57,0,6991.71
ITEM00183,ORD0068,PROD018,Home & Kitchen,3.0,1399.44,5,3988.4
ITEM00184,ORD0068,PROD037,Stationery,4.0,1530.97,0,6123.88
ITEM00185,ORD0068,PROD012,Home & Kitchen,3.0,3498.84,10,9446.87
ITEM00186,ORD0069,PROD008,Electronics,4.0,2453.63,0,9814.52
ITEM00187,ORD0069,PROD004,Electronics,5.0,5398.5,15,22943.62
ITEM00188,ORD0069,PROD034,Stationery,4.0,4498.22,0,17992.88
ITEM00189,ORD0069,PROD036,Stationery,5.0,2263.97,0,11319.85
ITEM00190,ORD0070,PROD014,Home & Kitchen,1.0,3100.08,0,3100.08
ITEM00191,ORD0070,PROD015,Home & Kitchen,3.0,4887.56,0,14662.68
ITEM00192,ORD0071,PROD023,Fashion,2.0,2613.33,15,4442.66
ITEM00193,ORD0071,PROD037,Stationery,4.0,1530.97,0,6123.88
ITEM00194,ORD0071,PROD018,Home & Kitchen,3.0,1399.44,0,4198.32
ITEM00195,ORD0071,PROD040,Stationery,1.0,505.61,0,505.61
ITEM00196,ORD0072,PROD012,Home & Kitchen,4.0,3498.84,0,13995.36
ITEM00197,ORD0072,PROD034,Stationery,3.0,4498.22,0,13494.66
ITEM00198,ORD0072,PROD029,Fashion,2.0,2877.77,0,5755.54
ITEM00199,ORD0073,PROD046,Sports,4.0,1940.54,5,7374.05
ITEM00200,ORD0073,PROD003,Electronics,5.0,787.39,10,3543.26
ITEM00201,ORD0074,PROD027,Fashion,1.0,2155.11,0,2155.11
ITEM00202,ORD0074,PROD002,Electronics,1.0,1984.17,0,1984.17
ITEM00203,ORD0074,PROD015,Home & Kitchen,5.0,4887.56,0,24437.8
ITEM00204,ORD0074,PROD043,Sports,5.0,1483.18,10,6674.31
ITEM00205,ORD0075,PROD022,Fashion,4.0,2330.57,0,9322.28
ITEM00206,ORD0075,PROD049,Sports,3.0,5140.7,5,14650.99
ITEM00207,ORD0075,PROD031,Stationery,4.0,3936.84,0,15747.36
ITEM00208,ORD0076,PROD039,Stationery,5.0,2966.74,10,13350.33
ITEM00209,ORD0076,PROD013,Home & Kitchen,2.0,610.15,15,1037.25
ITEM00210,ORD0077,PROD022,Fashion,2.0,2330.57,0,4661.14
ITEM00211,ORD0077,PROD045,Sports,3.0,2292.74,0,6878.22
ITEM00212,ORD0077,PROD033,Stationery,3.0,3834.71,5,10928.92
ITEM00213,ORD0077,PROD038,Stationery,2.0,4106.0,0,8212.0
ITEM00214,ORD0078,PROD003,Electronics,4.0,787.39,0,3149.56
ITEM00215,ORD0078,PROD045,Sports,4.0,2292.74,0,9170.96
ITEM00216,ORD0079,PROD014,Home & Kitchen,1.0,3100.08,0,3100.08
ITEM00217,ORD0079,PROD030,Fashion,3.0,4456.97,0,13370.91
ITEM00218,ORD0079,PROD028,Fashion,4.0,1697.6,10,6111.36
ITEM00219,ORD0079,PROD002,Electronics,5.0,1984.17,0,9920.85
ITEM00220,ORD0080,PROD048,Sports,1.0,3454.86,0,3454.86
ITEM00221,ORD0080,PROD018,Home & Kitchen,3.0,1399.44,0,4198.32
ITEM00222,ORD0080,PROD008,Electronics,4.0,2453.63,0,9814.52
ITEM00223,ORD0080,PROD003,Electronics,5.0,787.39,5,3740.1
ITEM00224,ORD0081,PROD017,Home & Kitchen,4.0,895.62,0,3582.48
ITEM00225,ORD0081,PROD047,Sports,4.0,2787.61,15,9477.87
ITEM00226,ORD0081,PROD018,Home & Kitchen,5.0,1399.44,0,6997.2
ITEM00227,ORD0082,PROD033,Stationery,3.0,3834.71,10,10353.72
ITEM00228,ORD0082,PROD030,Fashion,2.0,4456.97,5,8468.24
ITEM00229,ORD0082,PROD012,Home & Kitchen,3.0,3498.84,0,10496.52
ITEM00230,ORD0083,PROD028,Fashion,3.0,1697.6,0,5092.8
ITEM00231,ORD0083,PROD007,Electronics,4.0,157.66,10,567.58
ITEM00232,ORD0083,PROD002,Electronics,2.0,1984.17,0,3968.34
ITEM00233,ORD0083,PROD048,Sports,4.0,3454.86,0,13819.44
ITEM00234,ORD0084,PROD028,Fashion,3.0,1697.6,0,5092.8
ITEM00235,ORD0084,PROD037,Stationery,5.0,1530.97,0,7654.85
ITEM00236,ORD0084,PROD027,Fashion,5.0,2155.11,10,9698.0
ITEM00237,ORD0084,PROD014,Home & Kitchen,2.0,3100.08,15,5270.14
ITEM00238,ORD0085,PROD041,Sports,4.0,1409.86,15,4793.52
ITEM00239,ORD0086,PROD041,Sports,4.0,1409.86,0,5639.44
ITEM00240,ORD0086,PROD032,Stationery,1.0,4971.23,5,4722.67
ITEM00241,ORD0087,PROD020,Home & Kitchen,2.0,2430.34,15,4131.58
ITEM00242,ORD0087,PROD044,Sports,3.0,2917.41,0,8752.23
ITEM00243,ORD0087,PROD041,Sports,3.0,1409.86,15,3595.14
ITEM00244,ORD0087,PROD026,Fashion,2.0,1319.07,15,2242.42
ITEM00245,ORD0088,PROD004,Electronics,4.0,5398.5,0,21594.0
ITEM00246,ORD0088,PROD008,Electronics,4.0,2453.63,10,8833.07
ITEM00247,ORD0088,PROD021,Fashion,4.0,1279.07,10,4604.65
ITEM00248,ORD0088,PROD032,Stationery,4.0,4971.23,10,17896.43
ITEM00249,ORD0089,PROD002,Electronics,5.0,1984.17,0,9920.85
ITEM00250,ORD0089,PROD037,Stationery,3.0,1530.97,15,3903.97
ITEM00251,ORD0089,PROD042,Sports,5.0,2373.9,10,10682.55
ITEM00252,ORD0089,PROD026,Fashion,1.0,1319.07,0,1319.07
ITEM00253,ORD0090,PROD049,Sports,3.0,5140.7,0,15422.1
ITEM00254,ORD0090,PROD001,Electronics,5.0,1662.43,0,8312.15
ITEM00255,ORD0091,PROD030,Fashion,3.0,4456.97,5,12702.36
ITEM00256,ORD0091,PROD009,Electronics,1.0,3434.66,0,3434.66
ITEM00257,ORD0091,PROD034,Stationery,1.0,4498.22,0,4498.22
ITEM00258,ORD0091,PROD049,Sports,2.0,5140.7,10,9253.26
ITEM00259,ORD0092,PROD047,Sports,4.0,2787.61,0,11150.44
ITEM00260,ORD0092,PROD011,Home & Kitchen,4.0,3107.99,5,11810.36
ITEM00261,ORD0093,PROD011,Home & Kitchen,3.0,3107.99,0,9323.97
ITEM00262,ORD0093,PROD013,Home & Kitchen,4.0,610.15,0,2440.6
ITEM00263,ORD0094,PROD015,Home & Kitchen,4.0,4887.56,0,19550.24
ITEM00264,ORD0094,PROD001,Electronics,1.0,1662.43,15,1413.07
ITEM00265,ORD0094,PROD021,Fashion,2.0,1279.07,0,2558.14
ITEM00266,ORD0095,PROD045,Sports,3.0,2292.74,5,6534.31
ITEM00267,ORD0095,PROD012,Home & Kitchen,2.0,3498.84,10,6297.91
ITEM00268,ORD0095,PROD013,Home & Kitchen,4.0,610.15,0,2440.6
ITEM00269,ORD0096,PROD019,Home & Kitchen,1.0,3501.59,5,3326.51
ITEM00270,ORD0096,PROD037,Stationery,4.0,1530.97,0,6123.88
ITEM00271,ORD0096,PROD033,Stationery,1.0,3834.71,0,3834.71
ITEM00272,ORD0096,PROD042,Sports,1.0,2373.9,15,2017.82
ITEM00273,ORD0097,PROD043,Sports,1.0,1483.18,0,1483.18
ITEM00274,ORD0098,PROD003,Electronics,2.0,787.39,15,1338.56
ITEM00275,ORD0099,PROD033,Stationery,5.0,3834.71,0,19173.55
ITEM00276,ORD0099,PROD034,Stationery,5.0,4498.22,0,22491.1
ITEM00277,ORD0100,PROD037,Stationery,5.0,1530.97,5,7272.11
ITEM00278,ORD0100,PROD004,Electronics,4.0,5398.5,0,21594.0
ITEM00279,ORD0100,PROD002,Electronics,4.0,1984.17,15,6746.18
ITEM00280,ORD0101,PROD014,Home & Kitchen,2.0,3100.08,15,5270.14
ITEM00281,ORD0101,PROD044,Sports,4.0,2917.41,5,11086.16
ITEM00282,ORD0102,PROD011,Home & Kitchen,5.0,3107.99,0,15539.95
ITEM00283,ORD0103,PROD030,Fashion,5.0,4456.97,5,21170.61
ITEM00284,ORD0103,PROD005,Electronics,4.0,5039.33,0,20157.32
ITEM00285,ORD0103,PROD040,Stationery,2.0,505.61,0,1011.22
ITEM00286,ORD0103,PROD018,Home & Kitchen,3.0,1399.44,15,3568.57
ITEM00287,ORD0104,PROD023,Fashion,5.0,2613.33,0,13066.65
ITEM00288,ORD0105,PROD006,Electronics,3.0,1744.28,0,5232.84
ITEM00289,ORD0105,PROD015,Home & Kitchen,2.0,4887.56,5,9286.36
ITEM00290,ORD0106,PROD035,Stationery,3.0,5320.82,15,13568.09
ITEM00291,ORD0107,PROD049,Sports,5.0,5140.7,15,21847.97
ITEM00292,ORD0107,PROD027,Fashion,3.0,2155.11,10,5818.8
ITEM00293,ORD0107,PROD044,Sports,4.0,2917.41,10,10502.68
ITEM00294,ORD0107,PROD020,Home & Kitchen,4.0,2430.34,10,8749.22
ITEM00295,ORD0108,PROD027,Fashion,3.0,2155.11,0,6465.33
ITEM00296,ORD0109,PROD026,Fashion,5.0,1319.07,0,6595.35
ITEM00297,ORD0109,PROD040,Stationery,3.0,505.61,10,1365.15
ITEM00298,ORD0109,PROD029,Fashion,5.0,2877.77,0,14388.85
ITEM00299,ORD0109,PROD018,Home & Kitchen,2.0,1399.44,0,2798.88
ITEM00300,ORD0110,PROD039,Stationery,2.0,2966.74,0,5933.48
ITEM00301,ORD0111,PROD006,Electronics,2.0,1744.28,0,3488.56
ITEM00302,ORD0112,PROD033,Stationery,5.0,3834.71,5,18214.87
ITEM00303,ORD0112,PROD028,Fashion,4.0,1697.6,10,6111.36
ITEM00304,ORD0113,PROD032,Stationery,5.0,4971.23,5,23613.34
ITEM00305,ORD0113,PROD038,Stationery,4.0,4106.0,0,16424.0
ITEM00306,ORD0114,PROD002,Electronics,5.0,1984.17,15,8432.72
ITEM00307,ORD0114,PROD009,Electronics,2.0,3434.66,10,6182.39
ITEM00308,ORD0114,PROD030,Fashion,2.0,4456.97,5,8468.24
ITEM00309,ORD0114,PROD004,Electronics,3.0,5398.5,0,16195.5
ITEM00310,ORD0115,PROD003,Electronics,3.0,787.39,5,2244.06
ITEM00311,ORD0115,PROD017,Home & Kitchen,5.0,895.62,0,4478.1
ITEM00312,ORD0116,PROD003,Electronics,1.0,787.39,5,748.02
ITEM00313,ORD0116,PROD010,Electronics,2.0,2062.79,0,4125.58
ITEM00314,ORD0116,PROD032,Stationery,4.0,4971.23,10,17896.43
ITEM00315,ORD0117,PROD033,Stationery,4.0,3834.71,15,13038.01
ITEM00316,ORD0117,PROD025,Fashion,4.0,688.36,5,2615.77
ITEM00317,ORD0117,PROD026,Fashion,4.0,1319.07,5,5012.47
ITEM00318,ORD0117,PROD003,Electronics,2.0,787.39,0,1574.78
ITEM00319,ORD0118,PROD026,Fashion,2.0,1319.07,0,2638.14
ITEM00320,ORD0119,PROD025,Fashion,3.0,688.36,0,2065.08
ITEM00321,ORD0120,PROD035,Stationery,2.0,5320.82,5,10109.56
ITEM00322,ORD0120,PROD005,Electronics,5.0,5039.33,15,21417.15
ITEM00323,ORD0120,PROD032,Stationery,4.0,4971.23,10,17896.43
ITEM00324,ORD0121,PROD032,Stationery,5.0,4971.23,0,24856.15
ITEM00325,ORD0122,PROD011,Home & Kitchen,5.0,3107.99,0,15539.95
ITEM00326,ORD0122,PROD013,Home & Kitchen,5.0,610.15,0,3050.75
ITEM00327,ORD0122,PROD010,Electronics,4.0,2062.79,10,7426.04
ITEM00328,ORD0123,PROD027,Fashion,4.0,2155.11,0,8620.44
ITEM00329,ORD0123,PROD026,Fashion,2.0,1319.07,0,2638.14
ITEM00330,ORD0124,PROD040,Stationery,4.0,505.61,0,2022.44
ITEM00331,ORD0125,PROD029,Fashion,1.0,2877.77,5,2733.88
ITEM00332,ORD0125,PROD014,Home & Kitchen,1.0,3100.08,0,3100.08
ITEM00333,ORD0125,PROD023,Fashion,2.0,2613.33,15,4442.66
ITEM00334,ORD0126,PROD027,Fashion,5.0,2155.11,15,9159.22
ITEM00335,ORD0126,PROD018,Home & Kitchen,4.0,1399.44,0,5597.76
ITEM00336,ORD0126,PROD023,Fashion,5.0,2613.33,0,13066.65
ITEM00337,ORD0127,PROD044,Sports,2.0,2917.41,0,5834.82
ITEM00338,ORD0127,PROD029,Fashion,5.0,2877.77,0,14388.85
ITEM00339,ORD0128,PROD042,Sports,5.0,2373.9,10,10682.55
ITEM00340,ORD0128,PROD021,Fashion,2.0,1279.07,0,2558.14
ITEM00341,ORD0128,PROD031,Stationery,3.0,3936.84,0,11810.52
ITEM00342,ORD0129,PROD007,Electronics,5.0,157.66,15,670.05
ITEM00343,ORD0129,PROD026,Fashion,1.0,1319.07,0,1319.07
ITEM00344,ORD0129,PROD040,Stationery,4.0,505.61,0,2022.44
ITEM00345,ORD0130,PROD008,Electronics,2.0,2453.63,15,4171.17
ITEM00346,ORD0130,PROD043,Sports,2.0,1483.18,0,2966.36
ITEM00347,ORD0130,PROD014,Home & Kitchen,2.0,3100.08,15,5270.14
ITEM00348,ORD0131,PROD006,Electronics,2.0,1744.28,15,2965.28
ITEM00349,ORD0131,PROD045,Sports,4.0,2292.74,5,8712.41
ITEM00350,ORD0131,PROD041,Sports,2.0,1409.86,10,2537.75
ITEM00351,ORD0132,PROD047,Sports,4.0,2787.61,5,10592.92
ITEM00352,ORD0132,PROD044,Sports,4.0,2917.41,0,11669.64
ITEM00353,ORD0132,PROD036,Stationery,1.0,2263.97,5,2150.77
ITEM00354,ORD0133,PROD024,Fashion,3.0,4539.75,5,12938.29
ITEM00355,ORD0133,PROD038,Stationery,4.0,4106.0,0,16424.0
ITEM00356,ORD0133,PROD047,Sports,5.0,2787.61,0,13938.05
ITEM00357,ORD0134,PROD033,Stationery,4.0,3834.71,15,13038.01
ITEM00358,ORD0135,PROD016,Home & Kitchen,1.0,3081.13,10,2773.02
ITEM00359,ORD0135,PROD026,Fashion,4.0,1319.07,0,5276.28
ITEM00360,ORD0135,PROD014,Home & Kitchen,4.0,3100.08,0,12400.32
ITEM00361,ORD0136,PROD014,Home & Kitchen,3.0,3100.08,0,9300.24
ITEM00362,ORD0136,PROD005,Electronics,3.0,5039.33,0,15117.99
ITEM00363,ORD0136,PROD012,Home & Kitchen,5.0,3498.84,10,15744.78
ITEM00364,ORD0136,PROD035,Stationery,2.0,5320.82,10,9577.48
ITEM00365,ORD0137,PROD005,Electronics,3.0,5039.33,15,12850.29
ITEM00366,ORD0137,PROD041,Sports,1.0,1409.86,0,1409.86
ITEM00367,ORD0137,PROD042,Sports,1.0,2373.9,15,2017.82
ITEM00368,ORD0137,PROD050,Sports,4.0,1570.41,0,6281.64
ITEM00369,ORD0138,PROD011,Home & Kitchen,2.0,3107.99,5,5905.18
ITEM00370,ORD0139,PROD046,Sports,1.0,1940.54,5,1843.51
ITEM00371,ORD0139,PROD005,Electronics,2.0,5039.33,15,8566.86
ITEM00372,ORD0139,PROD030,Fashion,2.0,4456.97,15,7576.85
ITEM00373,ORD0139,PROD050,Sports,3.0,1570.41,0,4711.23
ITEM00374,ORD0140,PROD047,Sports,1.0,2787.61,15,2369.47
ITEM00375,ORD0140,PROD013,Home & Kitchen,3.0,610.15,0,1830.45
ITEM00376,ORD0140,PROD037,Stationery,1.0,1530.97,0,1530.97
ITEM00377,ORD0141,PROD001,Electronics,1.0,1662.43,5,1579.31
ITEM00378,ORD0141,PROD030,Fashion,3.0,4456.97,15,11365.27
ITEM00379,ORD0142,PROD018,Home & Kitchen,4.0,1399.44,15,4758.1
ITEM00380,ORD0142,PROD041,Sports,1.0,1409.86,15,1198.38
ITEM00381,ORD0143,PROD037,Stationery,1.0,1530.97,0,1530.97
ITEM00382,ORD0144,PROD038,Stationery,1.0,4106.0,0,4106.0
ITEM00383,ORD0144,PROD041,Sports,5.0,1409.86,0,7049.3
ITEM00384,ORD0144,PROD014,Home & Kitchen,5.0,3100.08,15,13175.34
ITEM00385,ORD0144,PROD020,Home & Kitchen,4.0,2430.34,0,9721.36
ITEM00386,ORD0145,PROD026,Fashion,3.0,1319.07,0,3957.21
ITEM00387,ORD0146,PROD019,Home & Kitchen,2.0,3501.59,5,6653.02
ITEM00388,ORD0146,PROD049,Sports,1.0,5140.7,0,5140.7
ITEM00389,ORD0146,PROD032,Stationery,4.0,4971.23,0,19884.92
ITEM00390,ORD0146,PROD009,Electronics,1.0,3434.66,0,3434.66
ITEM00391,ORD0147,PROD040,Stationery,3.0,505.61,0,1516.83
ITEM00392,ORD0147,PROD035,Stationery,2.0,5320.82,5,10109.56
ITEM00393,ORD0147,PROD041,Sports,2.0,1409.86,15,2396.76
ITEM00394,ORD0148,PROD033,Stationery,1.0,3834.71,10,3451.24
ITEM00395,ORD0148,PROD032,Stationery,5.0,4971.23,0,24856.15
ITEM00396,ORD0149,PROD021,Fashion,4.0,1279.07,0,5116.28
ITEM00397,ORD0149,PROD017,Home & Kitchen,2.0,895.62,15,1522.55
ITEM00398,ORD0150,PROD004,Electronics,4.0,5398.5,10,19434.6
ITEM00399,ORD0150,PROD008,Electronics,4.0,2453.63,0,9814.52
ITEM00400,ORD0151,PROD036,Stationery,1.0,2263.97,0,2263.97
ITEM00401,ORD0152,PROD006,Electronics,5.0,1744.28,15,7413.19
ITEM00402,ORD0153,PROD003,Electronics,3.0,787.39,5,2244.06
ITEM00403,ORD0153,PROD031,Stationery,3.0,3936.84,0,11810.52
ITEM00404,ORD0153,PROD023,Fashion,2.0,2613.33,0,5226.66
ITEM00405,ORD0153,PROD025,Fashion,1.0,688.36,0,688.36
ITEM00406,ORD0154,PROD009,Electronics,1.0,3434.66,15,2919.46
ITEM00407,ORD0154,PROD001,Electronics,3.0,1662.43,0,4987.29
ITEM00408,ORD0154,PROD039,Stationery,5.0,2966.74,10,13350.33
ITEM00409,ORD0155,PROD048,Sports,4.0,3454.86,0,13819.44
ITEM00410,ORD0155,PROD049,Sports,1.0,5140.7,0,5140.7
ITEM00411,ORD0156,PROD018,Home & Kitchen,4.0,1399.44,0,5597.76
ITEM00412,ORD0156,PROD006,Electronics,2.0,1744.28,5,3314.13
ITEM00413,ORD0156,PROD017,Home & Kitchen,5.0,895.62,0,4478.1
ITEM00414,ORD0156,PROD004,Electronics,5.0,5398.5,0,26992.5
ITEM00415,ORD0157,PROD001,Electronics,3.0,1662.43,0,4987.29
ITEM00416,ORD0157,PROD040,Stationery,4.0,505.61,10,1820.2
ITEM00417,ORD0157,PROD046,Sports,4.0,1940.54,0,7762.16
ITEM00418,ORD0158,PROD003,Electronics,4.0,787.39,0,3149.56
ITEM00419,ORD0158,PROD028,Fashion,1.0,1697.6,10,1527.84
ITEM00420,ORD0159,PROD015,Home & Kitchen,1.0,4887.56,0,4887.56
ITEM00421,ORD0160,PROD031,Stationery,1.0,3936.84,0,3936.84
ITEM00422,ORD0160,PROD019,Home & Kitchen,4.0,3501.59,10,12605.72
ITEM00423,ORD0161,PROD047,Sports,5.0,2787.61,5,13241.15
ITEM00424,ORD0161,PROD050,Sports,4.0,1570.41,15,5339.39
ITEM00425,ORD0161,PROD003,Electronics,4.0,787.39,0,3149.56
ITEM00426,ORD0162,PROD020,Home & Kitchen,3.0,2430.34,0,7291.02
ITEM00427,ORD0162,PROD019,Home & Kitchen,3.0,3501.59,0,10504.77
ITEM00428,ORD0163,PROD036,Stationery,2.0,2263.97,10,4075.15
ITEM00429,ORD0163,PROD028,Fashion,3.0,1697.6,5,4838.16
ITEM00430,ORD0164,PROD048,Sports,3.0,3454.86,15,8809.89
ITEM00431,ORD0165,PROD022,Fashion,2.0,2330.57,0,4661.14
ITEM00432,ORD0165,PROD032,Stationery,2.0,4971.23,0,9942.46
ITEM00433,ORD0165,PROD013,Home & Kitchen,4.0,610.15,0,2440.6
ITEM00434,ORD0165,PROD011,Home & Kitchen,4.0,3107.99,10,11188.76
ITEM00435,ORD0166,PROD042,Sports,3.0,2373.9,15,6053.45
ITEM00436,ORD0167,PROD002,Electronics,1.0,1984.17,0,1984.17
ITEM00437,ORD0167,PROD019,Home & Kitchen,2.0,3501.59,15,5952.7
ITEM00438,ORD0168,PROD026,Fashion,2.0,1319.07,5,2506.23
ITEM00439,ORD0169,PROD043,Sports,5.0,1483.18,10,6674.31
ITEM00440,ORD0169,PROD008,Electronics,3.0,2453.63,0,7360.89
ITEM00441,ORD0169,PROD012,Home & Kitchen,3.0,3498.84,0,10496.52
ITEM00442,ORD0170,PROD003,Electronics,1.0,787.39,0,787.39
ITEM00443,ORD0170,PROD032,Stationery,3.0,4971.23,5,14168.01
ITEM00444,ORD0170,PROD004,Electronics,3.0,5398.5,10,14575.95
ITEM00445,ORD0171,PROD009,Electronics,3.0,3434.66,15,8758.38
ITEM00446,ORD0172,PROD021,Fashion,4.0,1279.07,5,4860.47
ITEM00447,ORD0173,PROD021,Fashion,1.0,1279.07,5,1215.12
ITEM00448,ORD0173,PROD050,Sports,5.0,1570.41,0,7852.05
ITEM00449,ORD0173,PROD016,Home & Kitchen,3.0,3081.13,0,9243.39
ITEM00450,ORD0174,PROD038,Stationery,1.0,4106.0,10,3695.4
ITEM00451,ORD0174,PROD005,Electronics,1.0,5039.33,0,5039.33
ITEM00452,ORD0174,PROD004,Electronics,5.0,5398.5,0,26992.5
ITEM00453,ORD0175,PROD037,Stationery,1.0,1530.97,0,1530.97
ITEM00454,ORD0176,PROD050,Sports,4.0,1570.41,0,6281.64
ITEM00455,ORD0177,PROD050,Sports,2.0,1570.41,0,3140.82
ITEM00456,ORD0177,PROD022,Fashion,1.0,2330.57,10,2097.51
ITEM00457,ORD0177,PROD006,Electronics,4.0,1744.28,0,6977.12
ITEM00458,ORD0177,PROD047,Sports,3.0,2787.61,0,8362.83
ITEM00459,ORD0178,PROD044,Sports,3.0,2917.41,0,8752.23
ITEM00460,ORD0178,PROD015,Home & Kitchen,1.0,4887.56,10,4398.8
ITEM00461,ORD0178,PROD020,Home & Kitchen,3.0,2430.34,0,7291.02
ITEM00462,ORD0178,PROD004,Electronics,5.0,5398.5,15,22943.62
ITEM00463,ORD0179,PROD029,Fashion,2.0,2877.77,0,5755.54
ITEM00464,ORD0180,PROD005,Electronics,4.0,5039.33,0,20157.32
ITEM00465,ORD0181,PROD039,Stationery,3.0,2966.74,0,8900.22
ITEM00466,ORD0181,PROD006,Electronics,3.0,1744.28,0,5232.84
ITEM00467,ORD0181,PROD040,Stationery,5.0,505.61,5,2401.65
ITEM00468,ORD0181,PROD021,Fashion,1.0,1279.07,0,1279.07
ITEM00469,ORD0182,PROD012,Home & Kitchen,3.0,3498.84,10,9446.87
ITEM00470,ORD0182,PROD018,Home & Kitchen,3.0,1399.44,15,3568.57
ITEM00471,ORD0183,PROD035,Stationery,4.0,5320.82,0,21283.28
ITEM00472,ORD0183,PROD019,Home & Kitchen,5.0,3501.59,5,16632.55
ITEM00473,ORD0184,PROD036,Stationery,5.0,2263.97,0,11319.85
ITEM00474,ORD0184,PROD030,Fashion,2.0,4456.97,0,8913.94
ITEM00475,ORD0185,PROD036,Stationery,1.0,2263.97,0,2263.97
ITEM00476,ORD0185,PROD009,Electronics,5.0,3434.66,0,17173.3
ITEM00477,ORD0185,PROD041,Sports,1.0,1409.86,0,1409.86
ITEM00478,ORD0185,PROD028,Fashion,1.0,1697.6,15,1442.96
ITEM00479,ORD0186,PROD027,Fashion,3.0,2155.11,0,6465.33
ITEM00480,ORD0186,PROD028,Fashion,2.0,1697.6,10,3055.68
ITEM00481,ORD0186,PROD009,Electronics,2.0,3434.66,5,6525.85
ITEM00482,ORD0186,PROD047,Sports,4.0,2787.61,0,11150.44
ITEM00483,ORD0187,PROD009,Electronics,3.0,3434.66,0,10303.98
ITEM00484,ORD0187,PROD046,Sports,1.0,1940.54,0,1940.54
ITEM00485,ORD0188,PROD008,Electronics,3.0,2453.63,5,6992.85
ITEM00486,ORD0188,PROD033,Stationery,1.0,3834.71,10,3451.24
ITEM00487,ORD0188,PROD040,Stationery,1.0,505.61,10,455.05
ITEM00488,ORD0188,PROD030,Fashion,2.0,4456.97,15,7576.85
ITEM00489,ORD0189,PROD022,Fashion,1.0,2330.57,10,2097.51
ITEM00490,ORD0189,PROD010,Electronics,5.0,2062.79,0,10313.95
ITEM00491,ORD0189,PROD038,Stationery,4.0,4106.0,15,13960.4
ITEM00492,ORD0189,PROD012,Home & Kitchen,2.0,3498.84,0,6997.68
ITEM00493,ORD0190,PROD046,Sports,3.0,1940.54,0,5821.62
ITEM00494,ORD0190,PROD003,Electronics,4.0,787.39,15,2677.13
ITEM00495,ORD0190,PROD023,Fashion,3.0,2613.33,0,7839.99
ITEM00496,ORD0191,PROD040,Stationery,3.0,505.61,0,1516.83
ITEM00497,ORD0191,PROD007,Electronics,1.0,157.66,0,157.66
ITEM00498,ORD0191,PROD033,Stationery,2.0,3834.71,10,6902.48
ITEM00499,ORD0191,PROD032,Stationery,1.0,4971.23,0,4971.23
ITEM00500,ORD0192,PROD033,Stationery,2.0,3834.71,5,7285.95
ITEM00501,ORD0193,PROD010,Electronics,3.0,2062.79,5,5878.95
ITEM00502,ORD0193,PROD017,Home & Kitchen,1.0,895.62,10,806.06
ITEM00503,ORD0193,PROD004,Electronics,3.0,5398.5,0,16195.5
ITEM00504,ORD0193,PROD028,Fashion,4.0,1697.6,0,6790.4
ITEM00505,ORD0194,PROD024,Fashion,3.0,4539.75,0,13619.25
ITEM00506,ORD0194,PROD022,Fashion,1.0,2330.57,0,2330.57
ITEM00507,ORD0194,PROD013,Home & Kitchen,3.0,610.15,15,1555.88
ITEM00508,ORD0194,PROD011,Home & Kitchen,5.0,3107.99,0,15539.95
ITEM00509,ORD0195,PROD003,Electronics,3.0,787.39,0,2362.17
ITEM00510,ORD0195,PROD006,Electronics,1.0,1744.28,15,1482.64
ITEM00511,ORD0196,PROD036,Stationery,3.0,2263.97,5,6452.31
ITEM00512,ORD0196,PROD037,Stationery,5.0,1530.97,0,7654.85
ITEM00513,ORD0197,PROD034,Stationery,3.0,4498.22,0,13494.66
ITEM00514,ORD0197,PROD007,Electronics,1.0,157.66,5,149.78
ITEM00515,ORD0197,PROD018,Home & Kitchen,4.0,1399.44,10,5037.98
ITEM00516,ORD0198,PROD047,Sports,1.0,2787.61,5,2648.23
ITEM00517,ORD0198,PROD049,Sports,1.0,5140.7,0,5140.7
ITEM00518,ORD0199,PROD032,Stationery,1.0,4971.23,0,4971.23
ITEM00519,ORD0200,PROD041,Sports,2.0,1409.86,0,2819.72
ITEM00520,ORD0200,PROD004,Electronics,4.0,5398.5,0,21594.0
ITEM00521,ORD0201,PROD036,Stationery,5.0,2263.97,10,10187.86
ITEM00522,ORD0202,PROD046,Sports,1.0,1940.54,0,1940.54
ITEM00523,ORD0202,PROD028,Fashion,1.0,1697.6,0,1697.6
ITEM00524,ORD0202,PROD039,Stationery,4.0,2966.74,0,11866.96
ITEM00525,ORD0203,PROD032,Stationery,3.0,4971.23,0,14913.69
ITEM00526,ORD0204,PROD001,Electronics,4.0,1662.43,0,6649.72
ITEM00527,ORD0205,PROD048,Sports,5.0,3454.86,5,16410.58
ITEM00528,ORD0205,PROD019,Home & Kitchen,4.0,3501.59,5,13306.04
ITEM00529,ORD0206,PROD041,Sports,4.0,1409.86,15,4793.52
ITEM00530,ORD0207,PROD016,Home & Kitchen,2.0,3081.13,0,6162.26
ITEM00531,ORD0207,PROD010,Electronics,2.0,2062.79,0,4125.58
ITEM00532,ORD0207,PROD045,Sports,3.0,2292.74,0,6878.22
ITEM00533,ORD0207,PROD047,Sports,4.0,2787.61,0,11150.44
ITEM00534,ORD0208,PROD025,Fashion,5.0,688.36,10,3097.62
ITEM00535,ORD0209,PROD028,Fashion,3.0,1697.6,5,4838.16
ITEM00536,ORD0209,PROD005,Electronics,4.0,5039.33,10,18141.59
ITEM00537,ORD0210,PROD006,Electronics,1.0,1744.28,0,1744.28
ITEM00538,ORD0210,PROD037,Stationery,3.0,1530.97,5,4363.26
ITEM00539,ORD0210,PROD014,Home & Kitchen,2.0,3100.08,5,5890.15
ITEM00540,ORD0210,PROD013,Home & Kitchen,2.0,610.15,15,1037.25
ITEM00541,ORD0211,PROD027,Fashion,5.0,2155.11,0,10775.55
ITEM00542,ORD0211,PROD043,Sports,4.0,1483.18,15,5042.81
ITEM00543,ORD0212,PROD008,Electronics,4.0,2453.63,10,8833.07
ITEM00544,ORD0212,PROD001,Electronics,4.0,1662.43,0,6649.72
ITEM00545,ORD0212,PROD013,Home & Kitchen,5.0,610.15,10,2745.68
ITEM00546,ORD0213,PROD023,Fashion,4.0,2613.33,0,10453.32
ITEM00547,ORD0213,PROD014,Home & Kitchen,2.0,3100.08,0,6200.16
ITEM00548,ORD0213,PROD019,Home & Kitchen,3.0,3501.59,10,9454.29
ITEM00549,ORD0214,PROD009,Electronics,1.0,3434.66,0,3434.66
ITEM00550,ORD0214,PROD025,Fashion,1.0,688.36,5,653.94
ITEM00551,ORD0215,PROD003,Electronics,5.0,787.39,0,3936.95
ITEM00552,ORD0215,PROD010,Electronics,2.0,2062.79,0,4125.58
ITEM00553,ORD0215,PROD044,Sports,2.0,2917.41,15,4959.6
ITEM00554,ORD0216,PROD050,Sports,3.0,1570.41,10,4240.11
ITEM00555,ORD0216,PROD048,Sports,1.0,3454.86,0,3454.86
ITEM00556,ORD0217,PROD022,Fashion,3.0,2330.57,0,6991.71
ITEM00557,ORD0217,PROD036,Stationery,2.0,2263.97,0,4527.94
ITEM00558,ORD0217,PROD046,Sports,5.0,1940.54,0,9702.7
ITEM00559,ORD0217,PROD015,Home & Kitchen,3.0,4887.56,10,13196.41
ITEM00560,ORD0218,PROD037,Stationery,3.0,1530.97,10,4133.62
ITEM00561,ORD0219,PROD042,Sports,5.0,2373.9,0,11869.5
ITEM00562,ORD0219,PROD003,Electronics,4.0,787.39,10,2834.6
ITEM00563,ORD0220,PROD045,Sports,2.0,2292.74,5,4356.21
ITEM00564,ORD0220,PROD043,Sports,1.0,1483.18,0,1483.18
ITEM00565,ORD0220,PROD018,Home & Kitchen,1.0,1399.44,0,1399.44
ITEM00566,ORD0221,PROD025,Fashion,1.0,688.36,10,619.52
ITEM00567,ORD0221,PROD028,Fashion,4.0,1697.6,0,6790.4
ITEM00568,ORD0222,PROD013,Home & Kitchen,5.0,610.15,0,3050.75
ITEM00569,ORD0222,PROD023,Fashion,2.0,2613.33,0,5226.66
ITEM00570,ORD0222,PROD043,Sports,2.0,1483.18,0,2966.36
ITEM00571,ORD0223,PROD015,Home & Kitchen,1.0,4887.56,0,4887.56
ITEM00572,ORD0224,PROD040,Stationery,1.0,505.61,10,455.05
ITEM00573,ORD0224,PROD030,Fashion,3.0,4456.97,0,13370.91
ITEM00574,ORD0225,PROD036,Stationery,4.0,2263.97,10,8150.29
ITEM00575,ORD0225,PROD031,Stationery,1.0,3936.84,0,3936.84
ITEM00576,ORD0225,PROD043,Sports,3.0,1483.18,0,4449.54
ITEM00577,ORD0226,PROD018,Home & Kitchen,2.0,1399.44,15,2379.05
ITEM00578,ORD0226,PROD024,Fashion,4.0,4539.75,15,15435.15
ITEM00579,ORD0227,PROD033,Stationery,3.0,3834.71,0,11504.13
ITEM00580,ORD0227,PROD028,Fashion,5.0,1697.6,15,7214.8
ITEM00581,ORD0227,PROD050,Sports,5.0,1570.41,0,7852.05
ITEM00582,ORD0227,PROD021,Fashion,2.0,1279.07,15,2174.42
ITEM00583,ORD0228,PROD002,Electronics,4.0,1984.17,0,7936.68
ITEM00584,ORD0228,PROD030,Fashion,3.0,4456.97,0,13370.91
ITEM00585,ORD0229,PROD011,Home & Kitchen,1.0,3107.99,15,2641.79
ITEM00586,ORD0229,PROD001,Electronics,5.0,1662.43,5,7896.54
ITEM00587,ORD0230,PROD034,Stationery,2.0,4498.22,10,8096.8
ITEM00588,ORD0231,PROD046,Sports,5.0,1940.54,0,9702.7
ITEM00589,ORD0231,PROD004,Electronics,5.0,5398.5,0,26992.5
ITEM00590,ORD0231,PROD023,Fashion,4.0,2613.33,0,10453.32
ITEM00591,ORD0232,PROD032,Stationery,1.0,4971.23,0,4971.23
ITEM00592,ORD0232,PROD027,Fashion,3.0,2155.11,0,6465.33
ITEM00593,ORD0232,PROD049,Sports,2.0,5140.7,15,8739.19
ITEM00594,ORD0233,PROD018,Home & Kitchen,3.0,1399.44,5,3988.4
ITEM00595,ORD0234,PROD050,Sports,3.0,1570.41,0,4711.23
ITEM00596,ORD0235,PROD006,Electronics,1.0,1744.28,0,1744.28
ITEM00597,ORD0235,PROD025,Fashion,3.0,688.36,0,2065.08
ITEM00598,ORD0236,PROD010,Electronics,1.0,2062.79,5,1959.65
ITEM00599,ORD0237,PROD033,Stationery,4.0,3834.71,0,15338.84
ITEM00600,ORD0237,PROD016,Home & Kitchen,4.0,3081.13,5,11708.29
ITEM00601,ORD0237,PROD009,Electronics,4.0,3434.66,0,13738.64
ITEM00602,ORD0237,PROD022,Fashion,5.0,2330.57,5,11070.21
ITEM00603,ORD0238,PROD050,Sports,4.0,1570.41,10,5653.48
ITEM00604,ORD0239,PROD013,Home & Kitchen,2.0,610.15,5,1159.28
ITEM00605,ORD0239,PROD023,Fashion,1.0,2613.33,0,2613.33
ITEM00606,ORD0240,PROD004,Electronics,1.0,5398.5,0,5398.5
ITEM00607,ORD0240,PROD007,Electronics,3.0,157.66,0,472.98
ITEM00608,ORD0240,PROD045,Sports,1.0,2292.74,0,2292.74
ITEM00609,ORD0241,PROD024,Fashion,4.0,4539.75,0,18159.0
ITEM00610,ORD0241,PROD034,Stationery,1.0,4498.22,10,4048.4
ITEM00611,ORD0242,PROD019,Home & Kitchen,3.0,3501.59,10,9454.29
ITEM00612,ORD0243,PROD040,Stationery,1.0,505.61,5,480.33
ITEM00613,ORD0243,PROD024,Fashion,2.0,4539.75,10,8171.55
ITEM00614,ORD0243,PROD018,Home & Kitchen,4.0,1399.44,0,5597.76
ITEM00615,ORD0243,PROD045,Sports,1.0,2292.74,0,2292.74
ITEM00616,ORD0244,PROD001,Electronics,2.0,1662.43,0,3324.86
ITEM00617,ORD0244,PROD005,Electronics,4.0,5039.33,15,17133.72
ITEM00618,ORD0244,PROD044,Sports,5.0,2917.41,15,12398.99
ITEM00619,ORD0245,PROD007,Electronics,3.0,157.66,0,472.98
ITEM00620,ORD0245,PROD021,Fashion,2.0,1279.07,0,2558.14
ITEM00621,ORD0245,PROD029,Fashion,1.0,2877.77,5,2733.88
ITEM00622,ORD0246,PROD047,Sports,2.0,2787.61,0,5575.22
ITEM00623,ORD0246,PROD008,Electronics,3.0,2453.63,0,7360.89
ITEM00624,ORD0246,PROD026,Fashion,4.0,1319.07,0,5276.28
ITEM00625,ORD0246,PROD024,Fashion,3.0,4539.75,15,11576.36
ITEM00626,ORD0247,PROD014,Home & Kitchen,2.0,3100.08,0,6200.16
ITEM00627,ORD0247,PROD019,Home & Kitchen,1.0,3501.59,0,3501.59
ITEM00628,ORD0247,PROD021,Fashion,2.0,1279.07,15,2174.42
ITEM00629,ORD0247,PROD001,Electronics,3.0,1662.43,0,4987.29
ITEM00630,ORD0248,PROD050,Sports,1.0,1570.41,0,1570.41
ITEM00631,ORD0248,PROD013,Home & Kitchen,4.0,610.15,5,2318.57
ITEM00632,ORD0248,PROD044,Sports,4.0,2917.41,15,9919.19
ITEM00633,ORD0248,PROD028,Fashion,3.0,1697.6,0,5092.8
ITEM00634,ORD0249,PROD013,Home & Kitchen,2.0,610.15,0,1220.3
ITEM00635,ORD0249,PROD003,Electronics,4.0,787.39,0,3149.56
ITEM00636,ORD0249,PROD012,Home & Kitchen,2.0,3498.84,5,6647.8
ITEM00637,ORD0249,PROD047,Sports,1.0,2787.61,0,2787.61
ITEM00638,ORD0250,PROD010,Electronics,4.0,2062.79,0,8251.16
ITEM00639,ORD0250,PROD034,Stationery,2.0,4498.22,0,8996.44
ITEM00640,ORD0250,PROD017,Home & Kitchen,5.0,895.62,0,4478.1
ITEM00641,ORD0250,PROD050,Sports,2.0,1570.41,15,2669.7
ITEM00642,ORD0251,PROD027,Fashion,1.0,2155.11,15,1831.84
ITEM00643,ORD0252,PROD049,Sports,5.0,5140.7,5,24418.32
ITEM00644,ORD0252,PROD002,Electronics,5.0,1984.17,0,9920.85
ITEM00645,ORD0252,PROD003,Electronics,5.0,787.39,0,3936.95
ITEM00646,ORD0253,PROD017,Home & Kitchen,5.0,895.62,5,4254.19
ITEM00647,ORD0253,PROD018,Home & Kitchen,5.0,1399.44,15,5947.62
ITEM00648,ORD0253,PROD047,Sports,4.0,2787.61,10,10035.4
ITEM00649,ORD0253,PROD022,Fashion,2.0,2330.57,5,4428.08
ITEM00650,ORD0254,PROD048,Sports,1.0,3454.86,5,3282.12
ITEM00651,ORD0254,PROD042,Sports,1.0,2373.9,10,2136.51
ITEM00652,ORD0254,PROD030,Fashion,5.0,4456.97,10,20056.37
ITEM00653,ORD0255,PROD003,Electronics,1.0,787.39,5,748.02
ITEM00654,ORD0255,PROD020,Home & Kitchen,2.0,2430.34,0,4860.68
ITEM00655,ORD0256,PROD047,Sports,2.0,2787.61,0,5575.22
ITEM00656,ORD0256,PROD028,Fashion,1.0,1697.6,5,1612.72
ITEM00657,ORD0257,PROD026,Fashion,4.0,1319.07,0,5276.28
ITEM00658,ORD0258,PROD001,Electronics,5.0,1662.43,0,8312.15
ITEM00659,ORD0258,PROD003,Electronics,3.0,787.39,15,2007.84
ITEM00660,ORD0259,PROD011,Home & Kitchen,1.0,3107.99,5,2952.59
ITEM00661,ORD0260,PROD013,Home & Kitchen,5.0,610.15,0,3050.75
ITEM00662,ORD0260,PROD019,Home & Kitchen,3.0,3501.59,10,9454.29
ITEM00663,ORD0260,PROD028,Fashion,4.0,1697.6,0,6790.4
ITEM00664,ORD0260,PROD020,Home & Kitchen,5.0,2430.34,10,10936.53
ITEM00665,ORD0261,PROD027,Fashion,1.0,2155.11,5,2047.35
ITEM00666,ORD0261,PROD044,Sports,2.0,2917.41,0,5834.82
ITEM00667,ORD0261,PROD017,Home & Kitchen,5.0,895.62,10,4030.29
ITEM00668,ORD0261,PROD002,Electronics,5.0,1984.17,0,9920.85
ITEM00669,ORD0262,PROD008,Electronics,5.0,2453.63,0,12268.15
ITEM00670,ORD0263,PROD033,Stationery,5.0,3834.71,0,19173.55
ITEM00671,ORD0263,PROD011,Home & Kitchen,4.0,3107.99,0,12431.96
ITEM00672,ORD0263,PROD021,Fashion,4.0,1279.07,15,4348.84
ITEM00673,ORD0264,PROD014,Home & Kitchen,5.0,3100.08,10,13950.36
ITEM00674,ORD0264,PROD005,Electronics,4.0,5039.33,0,20157.32
ITEM00675,ORD0264,PROD029,Fashion,2.0,2877.77,0,5755.54
ITEM00676,ORD0264,PROD030,Fashion,4.0,4456.97,0,17827.88
ITEM00677,ORD0265,PROD034,Stationery,1.0,4498.22,5,4273.31
ITEM00678,ORD0265,PROD004,Electronics,3.0,5398.5,15,13766.17
ITEM00679,ORD0265,PROD023,Fashion,2.0,2613.33,0,5226.66
ITEM00680,ORD0265,PROD019,Home & Kitchen,4.0,3501.59,0,14006.36
ITEM00681,ORD0266,PROD019,Home & Kitchen,1.0,3501.59,0,3501.59
ITEM00682,ORD0266,PROD050,Sports,3.0,1570.41,0,4711.23
ITEM00683,ORD0266,PROD023,Fashion,3.0,2613.33,5,7447.99
ITEM00684,ORD0267,PROD022,Fashion,2.0,2330.57,0,4661.14
ITEM00685,ORD0268,PROD028,Fashion,4.0,1697.6,0,6790.4
ITEM00686,ORD0268,PROD024,Fashion,3.0,4539.75,15,11576.36
ITEM00687,ORD0268,PROD037,Stationery,4.0,1530.97,10,5511.49
ITEM00688,ORD0269,PROD016,Home & Kitchen,2.0,3081.13,5,5854.15
ITEM00689,ORD0270,PROD035,Stationery,4.0,5320.82,15,18090.79
ITEM00690,ORD0270,PROD040,Stationery,4.0,505.61,10,1820.2
ITEM00691,ORD0271,PROD043,Sports,1.0,1483.18,10,1334.86
ITEM00692,ORD0271,PROD006,Electronics,2.0,1744.28,0,3488.56
ITEM00693,ORD0271,PROD003,Electronics,3.0,787.39,15,2007.84
ITEM00694,ORD0272,PROD029,Fashion,2.0,2877.77,10,5179.99
ITEM00695,ORD0272,PROD050,Sports,5.0,1570.41,0,7852.05
ITEM00696,ORD0272,PROD003,Electronics,2.0,787.39,0,1574.78
ITEM00697,ORD0272,PROD042,Sports,2.0,2373.9,0,4747.8
ITEM00698,ORD0273,PROD030,Fashion,1.0,4456.97,5,4234.12
ITEM00699,ORD0273,PROD031,Stationery,1.0,3936.84,0,3936.84
ITEM00700,ORD0274,PROD026,Fashion,3.0,1319.07,0,3957.21
ITEM00701,ORD0274,PROD010,Electronics,4.0,2062.79,10,7426.04
ITEM00702,ORD0275,PROD010,Electronics,1.0,2062.79,15,1753.37
ITEM00703,ORD0275,PROD039,Stationery,1.0,2966.74,0,2966.74
ITEM00704,ORD0275,PROD023,Fashion,3.0,2613.33,5,7447.99
ITEM00705,ORD0275,PROD045,Sports,5.0,2292.74,5,10890.51
ITEM00706,ORD0276,PROD033,Stationery,4.0,3834.71,10,13804.96
ITEM00707,ORD0276,PROD029,Fashion,5.0,2877.77,0,14388.85
ITEM00708,ORD0277,PROD022,Fashion,2.0,2330.57,0,4661.14
ITEM00709,ORD0277,PROD034,Stationery,1.0,4498.22,0,4498.22
ITEM00710,ORD0277,PROD020,Home & Kitchen,1.0,2430.34,5,2308.82
ITEM00711,ORD0278,PROD038,Stationery,2.0,4106.0,10,7390.8
ITEM00712,ORD0279,PROD035,Stationery,2.0,5320.82,15,9045.39
ITEM00713,ORD0279,PROD018,Home & Kitchen,2.0,1399.44,15,2379.05
ITEM00714,ORD0280,PROD028,Fashion,3.0,1697.6,15,4328.88
ITEM00715,ORD0280,PROD009,Electronics,4.0,3434.66,10,12364.78
ITEM00716,ORD0281,PROD026,Fashion,1.0,1319.07,5,1253.12
ITEM00717,ORD0282,PROD026,Fashion,2.0,1319.07,10,2374.33
ITEM00718,ORD0282,PROD006,Electronics,1.0,1744.28,0,1744.28
ITEM00719,ORD0283,PROD022,Fashion,5.0,2330.57,0,11652.85
ITEM00720,ORD0283,PROD005,Electronics,3.0,5039.33,5,14362.09
ITEM00721,ORD0283,PROD029,Fashion,4.0,2877.77,0,11511.08
ITEM00722,ORD0284,PROD008,Electronics,3.0,2453.63,0,7360.89
ITEM00723,ORD0284,PROD023,Fashion,4.0,2613.33,0,10453.32
ITEM00724,ORD0284,PROD031,Stationery,5.0,3936.84,10,17715.78
ITEM00725,ORD0284,PROD001,Electronics,4.0,1662.43,10,5984.75
ITEM00726,ORD0285,PROD021,Fashion,1.0,1279.07,10,1151.16
ITEM00727,ORD0286,PROD038,Stationery,5.0,4106.0,15,17450.5
ITEM00728,ORD0286,PROD003,Electronics,5.0,787.39,10,3543.26
ITEM00729,ORD0286,PROD041,Sports,3.0,1409.86,0,4229.58
ITEM00730,ORD0287,PROD049,Sports,4.0,5140.7,0,20562.8
ITEM00731,ORD0288,PROD048,Sports,3.0,3454.86,15,8809.89
ITEM00732,ORD0288,PROD029,Fashion,3.0,2877.77,0,8633.31
ITEM00733,ORD0288,PROD021,Fashion,3.0,1279.07,15,3261.63
ITEM00734,ORD0289,PROD040,Stationery,2.0,505.61,0,1011.22
ITEM00735,ORD0289,PROD023,Fashion,5.0,2613.33,0,13066.65
ITEM00736,ORD0289,PROD039,Stationery,1.0,2966.74,10,2670.07
ITEM00737,ORD0290,PROD007,Electronics,3.0,157.66,15,402.03
ITEM00738,ORD0290,PROD017,Home & Kitchen,2.0,895.62,15,1522.55
ITEM00739,ORD0290,PROD037,Stationery,1.0,1530.97,15,1301.32
ITEM00740,ORD0290,PROD050,Sports,4.0,1570.41,0,6281.64
ITEM00741,ORD0291,PROD004,Electronics,4.0,5398.5,5,20514.3
ITEM00742,ORD0291,PROD003,Electronics,4.0,787.39,15,2677.13
ITEM00743,ORD0291,PROD032,Stationery,1.0,4971.23,10,4474.11
ITEM00744,ORD0292,PROD024,Fashion,3.0,4539.75,15,11576.36
ITEM00745,ORD0292,PROD036,Stationery,2.0,2263.97,15,3848.75
ITEM00746,ORD0293,PROD021,Fashion,3.0,1279.07,10,3453.49
ITEM00747,ORD0293,PROD026,Fashion,3.0,1319.07,0,3957.21
ITEM00748,ORD0293,PROD040,Stationery,5.0,505.61,0,2528.05
ITEM00749,ORD0293,PROD028,Fashion,3.0,1697.6,0,5092.8
ITEM00750,ORD0294,PROD034,Stationery,2.0,4498.22,15,7646.97
ITEM00751,ORD0294,PROD040,Stationery,3.0,505.61,15,1289.31
ITEM00752,ORD0294,PROD013,Home & Kitchen,5.0,610.15,0,3050.75
ITEM00753,ORD0294,PROD014,Home & Kitchen,3.0,3100.08,15,7905.2
ITEM00754,ORD0295,PROD014,Home & Kitchen,2.0,3100.08,0,6200.16
ITEM00755,ORD0296,PROD043,Sports,3.0,1483.18,5,4227.06
ITEM00756,ORD0296,PROD017,Home & Kitchen,3.0,895.62,0,2686.86
ITEM00757,ORD0297,PROD028,Fashion,5.0,1697.6,0,8488.0
ITEM00758,ORD0297,PROD026,Fashion,4.0,1319.07,0,5276.28
ITEM00759,ORD0297,PROD048,Sports,4.0,3454.86,0,13819.44
ITEM00760,ORD0298,PROD006,Electronics,4.0,1744.28,0,6977.12
ITEM00761,ORD0299,PROD026,Fashion,4.0,1319.07,10,4748.65
ITEM00762,ORD0300,PROD037,Stationery,4.0,1530.97,0,6123.88
ITEM00763,ORD0300,PROD002,Electronics,2.0,1984.17,0,3968.34
ITEM00764,ORD0300,PROD025,Fashion,2.0,688.36,0,1376.72
ITEM00765,ORD0301,PROD009,Electronics,5.0,3434.66,5,16314.63
ITEM00766,ORD0301,PROD016,Home & Kitchen,2.0,3081.13,0,6162.26
ITEM00767,ORD0301,PROD008,Electronics,2.0,2453.63,0,4907.26
ITEM00768,ORD0301,PROD017,Home & Kitchen,4.0,895.62,0,3582.48
ITEM00769,ORD0302,PROD039,Stationery,3.0,2966.74,15,7565.19
ITEM00770,ORD0302,PROD027,Fashion,1.0,2155.11,0,2155.11
ITEM00771,ORD0303,PROD005,Electronics,3.0,5039.33,0,15117.99
ITEM00772,ORD0303,PROD017,Home & Kitchen,2.0,895.62,10,1612.12
ITEM00773,ORD0303,PROD028,Fashion,2.0,1697.6,5,3225.44
ITEM00774,ORD0303,PROD043,Sports,1.0,1483.18,0,1483.18
ITEM00775,ORD0304,PROD033,Stationery,4.0,3834.71,5,14571.9
ITEM00776,ORD0304,PROD043,Sports,4.0,1483.18,5,5636.08
ITEM00777,ORD0304,PROD046,Sports,4.0,1940.54,0,7762.16
ITEM00778,ORD0304,PROD006,Electronics,1.0,1744.28,10,1569.85
ITEM00779,ORD0305,PROD045,Sports,3.0,2292.74,0,6878.22
ITEM00780,ORD0305,PROD032,Stationery,3.0,4971.23,10,13422.32
ITEM00781,ORD0306,PROD023,Fashion,1.0,2613.33,15,2221.33
ITEM00782,ORD0306,PROD018,Home & Kitchen,1.0,1399.44,15,1189.52
ITEM00783,ORD0307,PROD015,Home & Kitchen,2.0,4887.56,15,8308.85
ITEM00784,ORD0307,PROD011,Home & Kitchen,3.0,3107.99,0,9323.97
ITEM00785,ORD0308,PROD019,Home & Kitchen,1.0,3501.59,5,3326.51
ITEM00786,ORD0308,PROD037,Stationery,5.0,1530.97,10,6889.37
ITEM00787,ORD0309,PROD024,Fashion,2.0,4539.75,0,9079.5
ITEM00788,ORD0309,PROD004,Electronics,1.0,5398.5,0,5398.5
ITEM00789,ORD0309,PROD010,Electronics,3.0,2062.79,5,5878.95
ITEM00790,ORD0310,PROD021,Fashion,4.0,1279.07,15,4348.84
ITEM00791,ORD0310,PROD006,Electronics,2.0,1744.28,0,3488.56
ITEM00792,ORD0310,PROD016,Home & Kitchen,4.0,3081.13,0,12324.52
ITEM00793,ORD0311,PROD046,Sports,2.0,1940.54,5,3687.03
ITEM00794,ORD0311,PROD036,Stationery,1.0,2263.97,0,2263.97
ITEM00795,ORD0312,PROD035,Stationery,2.0,5320.82,0,10641.64
ITEM00796,ORD0312,PROD025,Fashion,1.0,688.36,10,619.52
ITEM00797,ORD0313,PROD039,Stationery,1.0,2966.74,0,2966.74
ITEM00798,ORD0313,PROD019,Home & Kitchen,1.0,3501.59,5,3326.51
ITEM00799,ORD0314,PROD043,Sports,5.0,1483.18,10,6674.31
ITEM00800,ORD0314,PROD038,Stationery,1.0,4106.0,10,3695.4
ITEM00801,ORD0314,PROD005,Electronics,1.0,5039.33,15,4283.43
ITEM00802,ORD0315,PROD004,Electronics,1.0,5398.5,0,5398.5
ITEM00803,ORD0316,PROD019,Home & Kitchen,4.0,3501.59,5,13306.04
ITEM00804,ORD0317,PROD037,Stationery,1.0,1530.97,10,1377.87
ITEM00805,ORD0317,PROD010,Electronics,3.0,2062.79,5,5878.95
ITEM00806,ORD0317,PROD025,Fashion,2.0,688.36,0,1376.72
ITEM00807,ORD0317,PROD006,Electronics,1.0,1744.28,0,1744.28
ITEM00808,ORD0318,PROD013,Home & Kitchen,1.0,610.15,15,518.63
ITEM00809,ORD0318,PROD001,Electronics,5.0,1662.43,0,8312.15
ITEM00810,ORD0318,PROD029,Fashion,5.0,2877.77,10,12949.97
ITEM00811,ORD0318,PROD017,Home & Kitchen,2.0,895.62,5,1701.68
ITEM00812,ORD0319,PROD040,Stationery,5.0,505.61,15,2148.84
ITEM00813,ORD0320,PROD008,Electronics,3.0,2453.63,0,7360.89
ITEM00814,ORD0321,PROD039,Stationery,4.0,2966.74,0,11866.96
ITEM00815,ORD0322,PROD026,Fashion,3.0,1319.07,10,3561.49
ITEM00816,ORD0322,PROD022,Fashion,2.0,2330.57,0,4661.14
ITEM00817,ORD0323,PROD009,Electronics,3.0,3434.66,0,10303.98
ITEM00818,ORD0323,PROD020,Home & Kitchen,1.0,2430.34,10,2187.31
ITEM00819,ORD0323,PROD024,Fashion,4.0,4539.75,0,18159.0
ITEM00820,ORD0323,PROD043,Sports,4.0,1483.18,0,5932.72
ITEM00821,ORD0324,PROD002,Electronics,1.0,1984.17,0,1984.17
ITEM00822,ORD0324,PROD003,Electronics,1.0,787.39,0,787.39
ITEM00823,ORD0325,PROD022,Fashion,2.0,2330.57,0,4661.14
ITEM00824,ORD0325,PROD024,Fashion,5.0,4539.75,0,22698.75
ITEM00825,ORD0325,PROD014,Home & Kitchen,1.0,3100.08,0,3100.08
ITEM00826,ORD0325,PROD020,Home & Kitchen,2.0,2430.34,5,4617.65
ITEM00827,ORD0326,PROD049,Sports,3.0,5140.7,5,14650.99
ITEM00828,ORD0326,PROD044,Sports,1.0,2917.41,0,2917.41
ITEM00829,ORD0326,PROD019,Home & Kitchen,2.0,3501.59,0,7003.18
ITEM00830,ORD0327,PROD041,Sports,3.0,1409.86,15,3595.14
ITEM00831,ORD0327,PROD001,Electronics,3.0,1662.43,5,4737.93
ITEM00832,ORD0327,PROD022,Fashion,1.0,2330.57,0,2330.57
ITEM00833,ORD0328,PROD034,Stationery,1.0,4498.22,0,4498.22
ITEM00834,ORD0329,PROD047,Sports,3.0,2787.61,0,8362.83
ITEM00835,ORD0329,PROD011,Home & Kitchen,4.0,3107.99,10,11188.76
ITEM00836,ORD0330,PROD049,Sports,1.0,5140.7,0,5140.7
ITEM00837,ORD0330,PROD039,Stationery,3.0,2966.74,0,8900.22
ITEM00838,ORD0330,PROD019,Home & Kitchen,1.0,3501.59,5,3326.51
ITEM00839,ORD0331,PROD004,Electronics,4.0,5398.5,0,21594.0
ITEM00840,ORD0331,PROD032,Stationery,4.0,4971.23,15,16902.18
ITEM00841,ORD0331,PROD011,Home & Kitchen,4.0,3107.99,5,11810.36
ITEM00842,ORD0331,PROD012,Home & Kitchen,2.0,3498.84,0,6997.68
ITEM00843,ORD0332,PROD020,Home & Kitchen,1.0,2430.34,0,2430.34
ITEM00844,ORD0332,PROD010,Electronics,1.0,2062.79,5,1959.65
ITEM00845,ORD0333,PROD046,Sports,5.0,1940.54,15,8247.3
ITEM00846,ORD0333,PROD036,Stationery,4.0,2263.97,0,9055.88
ITEM00847,ORD0333,PROD035,Stationery,5.0,5320.82,5,25273.89
ITEM00848,ORD0333,PROD018,Home & Kitchen,3.0,1399.44,10,3778.49
ITEM00849,ORD0334,PROD025,Fashion,2.0,688.36,5,1307.88
ITEM00850,ORD0335,PROD049,Sports,1.0,5140.7,5,4883.66
ITEM00851,ORD0335,PROD006,Electronics,4.0,1744.28,0,6977.12
ITEM00852,ORD0335,PROD016,Home & Kitchen,1.0,3081.13,0,3081.13
ITEM00853,ORD0335,PROD019,Home & Kitchen,3.0,3501.59,0,10504.77
ITEM00854,ORD0336,PROD046,Sports,3.0,1940.54,10,5239.46
ITEM00855,ORD0336,PROD028,Fashion,5.0,1697.6,15,7214.8
ITEM00856,ORD0337,PROD020,Home & Kitchen,4.0,2430.34,15,8263.16
ITEM00857,ORD0338,PROD026,Fashion,4.0,1319.07,0,5276.28
ITEM00858,ORD0338,PROD016,Home & Kitchen,4.0,3081.13,0,12324.52
ITEM00859,ORD0339,PROD029,Fashion,1.0,2877.77,15,2446.1
ITEM00860,ORD0340,PROD030,Fashion,5.0,4456.97,5,21170.61
ITEM00861,ORD0340,PROD022,Fashion,4.0,2330.57,0,9322.28
ITEM00862,ORD0341,PROD009,Electronics,4.0,3434.66,0,13738.64
ITEM00863,ORD0342,PROD038,Stationery,3.0,4106.0,0,12318.0
ITEM00864,ORD0342,PROD037,Stationery,1.0,1530.97,10,1377.87
ITEM00865,ORD0343,PROD017,Home & Kitchen,5.0,895.62,15,3806.39
ITEM00866,ORD0343,PROD038,Stationery,4.0,4106.0,5,15602.8
ITEM00867,ORD0344,PROD003,Electronics,1.0,787.39,5,748.02
ITEM00868,ORD0344,PROD007,Electronics,4.0,157.66,10,567.58
ITEM00869,ORD0345,PROD041,Sports,1.0,1409.86,5,1339.37
ITEM00870,ORD0345,PROD014,Home & Kitchen,4.0,3100.08,0,12400.32
ITEM00871,ORD0345,PROD035,Stationery,1.0,5320.82,5,5054.78
ITEM00872,ORD0345,PROD040,Stationery,1.0,505.61,0,505.61
ITEM00873,ORD0346,PROD003,Electronics,4.0,787.39,0,3149.56
ITEM00874,ORD0346,PROD025,Fashion,5.0,688.36,10,3097.62
ITEM00875,ORD0346,PROD021,Fashion,1.0,1279.07,0,1279.07
ITEM00876,ORD0346,PROD010,Electronics,5.0,2062.79,10,9282.56
ITEM00877,ORD0347,PROD040,Stationery,5.0,505.61,10,2275.25
ITEM00878,ORD0347,PROD036,Stationery,2.0,2263.97,15,3848.75
ITEM00879,ORD0347,PROD023,Fashion,4.0,2613.33,0,10453.32
ITEM00880,ORD0348,PROD041,Sports,1.0,1409.86,0,1409.86
ITEM00881,ORD0348,PROD027,Fashion,4.0,2155.11,0,8620.44
ITEM00882,ORD0348,PROD007,Electronics,5.0,157.66,10,709.47
ITEM00883,ORD0349,PROD037,Stationery,3.0,1530.97,15,3903.97
ITEM00884,ORD0349,PROD008,Electronics,4.0,2453.63,0,9814.52
ITEM00885,ORD0349,PROD034,Stationery,1.0,4498.22,15,3823.49
ITEM00886,ORD0349,PROD007,Electronics,2.0,157.66,0,315.32
ITEM00887,ORD0350,PROD013,Home & Kitchen,3.0,610.15,15,1555.88
ITEM00888,ORD0350,PROD015,Home & Kitchen,3.0,4887.56,10,13196.41
ITEM00889,ORD0350,PROD018,Home & Kitchen,5.0,1399.44,0,6997.2
ITEM00890,ORD0351,PROD002,Electronics,1.0,1984.17,0,1984.17
ITEM00891,ORD0352,PROD005,Electronics,2.0,5039.33,15,8566.86
ITEM00892,ORD0352,PROD047,Sports,4.0,2787.61,0,11150.44
ITEM00893,ORD0352,PROD006,Electronics,3.0,1744.28,10,4709.56
ITEM00894,ORD0352,PROD025,Fashion,2.0,688.36,0,1376.72
ITEM00895,ORD0353,PROD004,Electronics,4.0,5398.5,0,21594.0
ITEM00896,ORD0354,PROD035,Stationery,2.0,5320.82,15,9045.39
ITEM00897,ORD0354,PROD007,Electronics,3.0,157.66,0,472.98
ITEM00898,ORD0354,PROD029,Fashion,4.0,2877.77,0,11511.08
ITEM00899,ORD0354,PROD009,Electronics,5.0,3434.66,0,17173.3
ITEM00900,ORD0355,PROD039,Stationery,4.0,2966.74,15,10086.92
ITEM00901,ORD0355,PROD022,Fashion,5.0,2330.57,10,10487.57
ITEM00902,ORD0355,PROD013,Home & Kitchen,2.0,610.15,5,1159.28
ITEM00903,ORD0355,PROD007,Electronics,1.0,157.66,10,141.89
ITEM00904,ORD0356,PROD017,Home & Kitchen,5.0,895.62,5,4254.19
ITEM00905,ORD0357,PROD011,Home & Kitchen,5.0,3107.99,0,15539.95
ITEM00906,ORD0357,PROD048,Sports,5.0,3454.86,0,17274.3
ITEM00907,ORD0357,PROD021,Fashion,2.0,1279.07,0,2558.14
ITEM00908,ORD0357,PROD029,Fashion,4.0,2877.77,15,9784.42
ITEM00909,ORD0358,PROD009,Electronics,5.0,3434.66,5,16314.63
ITEM00910,ORD0358,PROD027,Fashion,4.0,2155.11,10,7758.4
ITEM00911,ORD0358,PROD037,Stationery,2.0,1530.97,0,3061.94
ITEM00912,ORD0359,PROD022,Fashion,3.0,2330.57,0,6991.71
ITEM00913,ORD0359,PROD014,Home & Kitchen,4.0,3100.08,0,12400.32
ITEM00914,ORD0359,PROD048,Sports,2.0,3454.86,5,6564.23
ITEM00915,ORD0359,PROD027,Fashion,5.0,2155.11,15,9159.22
ITEM00916,ORD0360,PROD041,Sports,5.0,1409.86,0,7049.3
ITEM00917,ORD0360,PROD036,Stationery,5.0,2263.97,15,9621.87
ITEM00918,ORD0360,PROD003,Electronics,2.0,787.39,0,1574.78
ITEM00919,ORD0361,PROD040,Stationery,5.0,505.61,15,2148.84
ITEM00920,ORD0361,PROD048,Sports,3.0,3454.86,15,8809.89
ITEM00921,ORD0362,PROD040,Stationery,2.0,505.61,15,859.54
ITEM00922,ORD0362,PROD007,Electronics,2.0,157.66,10,283.79
ITEM00923,ORD0362,PROD047,Sports,5.0,2787.61,15,11847.34
ITEM00924,ORD0363,PROD017,Home & Kitchen,1.0,895.62,0,895.62
ITEM00925,ORD0363,PROD009,Electronics,5.0,3434.66,5,16314.63
ITEM00926,ORD0363,PROD002,Electronics,5.0,1984.17,10,8928.77
ITEM00927,ORD0364,PROD024,Fashion,5.0,4539.75,0,22698.75
ITEM00928,ORD0364,PROD013,Home & Kitchen,4.0,610.15,0,2440.6
ITEM00929,ORD0364,PROD014,Home & Kitchen,5.0,3100.08,0,15500.4
ITEM00930,ORD0364,PROD005,Electronics,1.0,5039.33,5,4787.36
ITEM00931,ORD0365,PROD033,Stationery,1.0,3834.71,15,3259.5
ITEM00932,ORD0365,PROD027,Fashion,1.0,2155.11,0,2155.11
ITEM00933,ORD0366,PROD041,Sports,2.0,1409.86,0,2819.72
ITEM00934,ORD0366,PROD001,Electronics,3.0,1662.43,0,4987.29
ITEM00935,ORD0366,PROD027,Fashion,1.0,2155.11,15,1831.84
ITEM00936,ORD0367,PROD011,Home & Kitchen,2.0,3107.99,10,5594.38
ITEM00937,ORD0367,PROD013,Home & Kitchen,1.0,610.15,0,610.15
ITEM00938,ORD0367,PROD016,Home & Kitchen,4.0,3081.13,0,12324.52
ITEM00939,ORD0368,PROD026,Fashion,5.0,1319.07,5,6265.58
ITEM00940,ORD0368,PROD043,Sports,2.0,1483.18,10,2669.72
ITEM00941,ORD0369,PROD042,Sports,1.0,2373.9,5,2255.2
ITEM00942,ORD0369,PROD002,Electronics,4.0,1984.17,5,7539.85
ITEM00943,ORD0369,PROD023,Fashion,3.0,2613.33,10,7055.99
ITEM00944,ORD0370,PROD008,Electronics,1.0,2453.63,15,2085.59
ITEM00945,ORD0371,PROD004,Electronics,2.0,5398.5,10,9717.3
ITEM00946,ORD0371,PROD023,Fashion,4.0,2613.33,0,10453.32
ITEM00947,ORD0371,PROD008,Electronics,3.0,2453.63,10,6624.8
ITEM00948,ORD0372,PROD037,Stationery,2.0,1530.97,0,3061.94
ITEM00949,ORD0372,PROD002,Electronics,4.0,1984.17,0,7936.68
ITEM00950,ORD0373,PROD023,Fashion,2.0,2613.33,0,5226.66
ITEM00951,ORD0374,PROD003,Electronics,4.0,787.39,0,3149.56
ITEM00952,ORD0375,PROD002,Electronics,3.0,1984.17,10,5357.26
ITEM00953,ORD0375,PROD020,Home & Kitchen,3.0,2430.34,0,7291.02
ITEM00954,ORD0375,PROD040,Stationery,2.0,505.61,10,910.1
ITEM00955,ORD0375,PROD021,Fashion,3.0,1279.07,0,3837.21
ITEM00956,ORD0376,PROD011,Home & Kitchen,4.0,3107.99,15,10567.17
ITEM00957,ORD0376,PROD048,Sports,2.0,3454.86,0,6909.72
ITEM00958,ORD0376,PROD049,Sports,2.0,5140.7,0,10281.4
ITEM00959,ORD0377,PROD003,Electronics,5.0,787.39,15,3346.41
ITEM00960,ORD0378,PROD020,Home & Kitchen,4.0,2430.34,10,8749.22
ITEM00961,ORD0378,PROD035,Stationery,5.0,5320.82,0,26604.1
ITEM00962,ORD0378,PROD030,Fashion,1.0,4456.97,15,3788.42
ITEM00963,ORD0379,PROD032,Stationery,5.0,4971.23,0,24856.15
ITEM00964,ORD0379,PROD026,Fashion,2.0,1319.07,10,2374.33
ITEM00965,ORD0379,PROD022,Fashion,1.0,2330.57,10,2097.51
ITEM00966,ORD0380,PROD004,Electronics,4.0,5398.5,10,19434.6
ITEM00967,ORD0380,PROD033,Stationery,5.0,3834.71,5,18214.87
ITEM00968,ORD0381,PROD033,Stationery,3.0,3834.71,0,11504.13
ITEM00969,ORD0382,PROD027,Fashion,3.0,2155.11,0,6465.33
ITEM00970,ORD0382,PROD041,Sports,3.0,1409.86,0,4229.58
ITEM00971,ORD0383,PROD021,Fashion,5.0,1279.07,10,5755.81
ITEM00972,ORD0383,PROD022,Fashion,4.0,2330.57,10,8390.05
ITEM00973,ORD0384,PROD046,Sports,1.0,1940.54,15,1649.46
ITEM00974,ORD0385,PROD033,Stationery,4.0,3834.71,0,15338.84
ITEM00975,ORD0385,PROD045,Sports,5.0,2292.74,10,10317.33
ITEM00976,ORD0385,PROD025,Fashion,2.0,688.36,0,1376.72
ITEM00977,ORD0386,PROD014,Home & Kitchen,4.0,3100.08,0,12400.32
ITEM00978,ORD0386,PROD049,Sports,4.0,5140.7,0,20562.8
ITEM00979,ORD0386,PROD029,Fashion,5.0,2877.77,15,12230.52
ITEM00980,ORD0387,PROD030,Fashion,1.0,4456.97,10,4011.27
ITEM00981,ORD0387,PROD014,Home & Kitchen,3.0,3100.08,10,8370.22
ITEM00982,ORD0387,PROD034,Stationery,5.0,4498.22,5,21366.55
ITEM00983,ORD0388,PROD043,Sports,1.0,1483.18,0,1483.18
ITEM00984,ORD0388,PROD041,Sports,2.0,1409.86,0,2819.72
ITEM00985,ORD0388,PROD028,Fashion,5.0,1697.6,0,8488.0
ITEM00986,ORD0388,PROD003,Electronics,1.0,787.39,0,787.39
ITEM00987,ORD0389,PROD009,Electronics,1.0,3434.66,0,3434.66
ITEM00988,ORD0390,PROD010,Electronics,4.0,2062.79,0,8251.16
ITEM00989,ORD0390,PROD025,Fashion,2.0,688.36,10,1239.05
ITEM00990,ORD0391,PROD002,Electronics,1.0,1984.17,15,1686.54
ITEM00991,ORD0391,PROD010,Electronics,2.0,2062.79,0,4125.58
ITEM00992,ORD0391,PROD026,Fashion,4.0,1319.07,15,4484.84
ITEM00993,ORD0391,PROD040,Stationery,3.0,505.61,0,1516.83
ITEM00994,ORD0392,PROD040,Stationery,1.0,505.61,0,505.61
ITEM00995,ORD0393,PROD028,Fashion,3.0,1697.6,10,4583.52
ITEM00996,ORD0393,PROD027,Fashion,1.0,2155.11,10,1939.6
ITEM00997,ORD0394,PROD009,Electronics,3.0,3434.66,5,9788.78
ITEM00998,ORD0394,PROD036,Stationery,4.0,2263.97,5,8603.09
ITEM00999,ORD0395,PROD047,Sports,4.0,2787.61,0,11150.44
ITEM01000,ORD0395,PROD035,Stationery,1.0,5320.82,5,5054.78
ITEM01001,ORD0395,PROD044,Sports,1.0,2917.41,10,2625.67
ITEM01002,ORD0395,PROD048,Sports,1.0,3454.86,15,2936.63
ITEM01003,ORD0396,PROD018,Home & Kitchen,5.0,1399.44,0,6997.2
ITEM01004,ORD0397,PROD016,Home & Kitchen,3.0,3081.13,10,8319.05
ITEM01005,ORD0398,PROD050,Sports,3.0,1570.41,15,4004.55
ITEM01006,ORD0399,PROD041,Sports,5.0,1409.86,0,7049.3
ITEM01007,ORD0399,PROD017,Home & Kitchen,3.0,895.62,5,2552.52
ITEM01008,ORD0399,PROD045,Sports,4.0,2292.74,5,8712.41
ITEM01009,ORD0400,PROD025,Fashion,4.0,688.36,0,2753.44
ITEM01010,ORD0401,PROD049,Sports,2.0,5140.7,15,8739.19
ITEM01011,ORD0401,PROD020,Home & Kitchen,4.0,2430.34,10,8749.22
ITEM01012,ORD0402,PROD013,Home & Kitchen,2.0,610.15,0,1220.3
ITEM01013,ORD0402,PROD044,Sports,3.0,2917.41,0,8752.23
ITEM01014,ORD0402,PROD017,Home & Kitchen,5.0,895.62,10,4030.29
ITEM01015,ORD0403,PROD023,Fashion,1.0,2613.33,0,2613.33
ITEM01016,ORD0403,PROD015,Home & Kitchen,1.0,4887.56,10,4398.8
ITEM01017,ORD0404,PROD024,Fashion,5.0,4539.75,10,20428.88
ITEM01018,ORD0404,PROD016,Home & Kitchen,1.0,3081.13,0,3081.13
ITEM01019,ORD0404,PROD002,Electronics,2.0,1984.17,15,3373.09
ITEM01020,ORD0404,PROD050,Sports,3.0,1570.41,0,4711.23
ITEM01021,ORD0405,PROD027,Fashion,5.0,2155.11,0,10775.55
ITEM01022,ORD0405,PROD012,Home & Kitchen,2.0,3498.84,0,6997.68
ITEM01023,ORD0405,PROD023,Fashion,2.0,2613.33,10,4703.99
ITEM01024,ORD0405,PROD006,Electronics,3.0,1744.28,0,5232.84
ITEM01025,ORD0406,PROD046,Sports,2.0,1940.54,15,3298.92
ITEM01026,ORD0407,PROD048,Sports,5.0,3454.86,5,16410.58
ITEM01027,ORD0408,PROD041,Sports,3.0,1409.86,15,3595.14
ITEM01028,ORD0409,PROD050,Sports,3.0,1570.41,0,4711.23
ITEM01029,ORD0410,PROD036,Stationery,5.0,2263.97,5,10753.86
ITEM01030,ORD0410,PROD034,Stationery,3.0,4498.22,0,13494.66
ITEM01031,ORD0411,PROD047,Sports,2.0,2787.61,0,5575.22
ITEM01032,ORD0411,PROD019,Home & Kitchen,3.0,3501.59,10,9454.29
ITEM01033,ORD0412,PROD032,Stationery,2.0,4971.23,0,9942.46
ITEM01034,ORD0413,PROD034,Stationery,4.0,4498.22,0,17992.88
ITEM01035,ORD0413,PROD023,Fashion,5.0,2613.33,15,11106.65
ITEM01036,ORD0413,PROD014,Home & Kitchen,3.0,3100.08,15,7905.2
ITEM01037,ORD0413,PROD031,Stationery,5.0,3936.84,0,19684.2
ITEM01038,ORD0414,PROD021,Fashion,3.0,1279.07,5,3645.35
ITEM01039,ORD0414,PROD009,Electronics,2.0,3434.66,0,6869.32
ITEM01040,ORD0414,PROD011,Home & Kitchen,3.0,3107.99,0,9323.97
ITEM01041,ORD0415,PROD001,Electronics,4.0,1662.43,0,6649.72
ITEM01042,ORD0415,PROD006,Electronics,3.0,1744.28,0,5232.84
ITEM01043,ORD0416,PROD004,Electronics,4.0,5398.5,5,20514.3
ITEM01044,ORD0416,PROD050,Sports,4.0,1570.41,0,6281.64
ITEM01045,ORD0416,PROD034,Stationery,3.0,4498.22,5,12819.93
ITEM01046,ORD0417,PROD017,Home & Kitchen,2.0,895.62,15,1522.55
ITEM01047,ORD0418,PROD048,Sports,3.0,3454.86,0,10364.58
ITEM01048,ORD0419,PROD017,Home & Kitchen,3.0,895.62,15,2283.83
ITEM01049,ORD0419,PROD015,Home & Kitchen,1.0,4887.56,15,4154.43
ITEM01050,ORD0420,PROD040,Stationery,1.0,505.61,10,455.05
ITEM01051,ORD0421,PROD035,Stationery,5.0,5320.82,10,23943.69
ITEM01052,ORD0422,PROD035,Stationery,5.0,5320.82,0,26604.1
ITEM01053,ORD0422,PROD019,Home & Kitchen,1.0,3501.59,10,3151.43
ITEM01054,ORD0422,PROD028,Fashion,3.0,1697.6,10,4583.52
ITEM01055,ORD0422,PROD010,Electronics,5.0,2062.79,5,9798.25
ITEM01056,ORD0423,PROD014,Home & Kitchen,3.0,3100.08,5,8835.23
ITEM01057,ORD0423,PROD001,Electronics,2.0,1662.43,10,2992.37
ITEM01058,ORD0424,PROD013,Home & Kitchen,2.0,610.15,5,1159.28
ITEM01059,ORD0424,PROD011,Home & Kitchen,5.0,3107.99,10,13985.95
ITEM01060,ORD0424,PROD037,Stationery,1.0,1530.97,5,1454.42
ITEM01061,ORD0425,PROD049,Sports,5.0,5140.7,0,25703.5
ITEM01062,ORD0425,PROD029,Fashion,2.0,2877.77,10,5179.99
ITEM01063,ORD0425,PROD010,Electronics,2.0,2062.79,10,3713.02
ITEM01064,ORD0426,PROD033,Stationery,4.0,3834.71,0,15338.84
ITEM01065,ORD0426,PROD048,Sports,2.0,3454.86,10,6218.75
ITEM01066,ORD0427,PROD002,Electronics,4.0,1984.17,0,7936.68
ITEM01067,ORD0427,PROD014,Home & Kitchen,1.0,3100.08,0,3100.08
ITEM01068,ORD0428,PROD050,Sports,2.0,1570.41,0,3140.82
ITEM01069,ORD0428,PROD045,Sports,3.0,2292.74,0,6878.22
ITEM01070,ORD0428,PROD030,Fashion,2.0,4456.97,0,8913.94
ITEM01071,ORD0428,PROD041,Sports,2.0,1409.86,10,2537.75
ITEM01072,ORD0429,PROD016,Home & Kitchen,4.0,3081.13,5,11708.29
ITEM01073,ORD0429,PROD042,Sports,4.0,2373.9,0,9495.6
ITEM01074,ORD0429,PROD033,Stationery,1.0,3834.71,15,3259.5
ITEM01075,ORD0430,PROD049,Sports,1.0,5140.7,15,4369.59
ITEM01076,ORD0430,PROD010,Electronics,5.0,2062.79,15,8766.86
ITEM01077,ORD0430,PROD021,Fashion,3.0,1279.07,15,3261.63
ITEM01078,ORD0431,PROD037,Stationery,5.0,1530.97,10,6889.37
ITEM01079,ORD0431,PROD021,Fashion,5.0,1279.07,0,6395.35
ITEM01080,ORD0431,PROD019,Home & Kitchen,4.0,3501.59,15,11905.41
ITEM01081,ORD0432,PROD038,Stationery,3.0,4106.0,10,11086.2
ITEM01082,ORD0432,PROD047,Sports,1.0,2787.61,10,2508.85
ITEM01083,ORD0432,PROD030,Fashion,3.0,4456.97,5,12702.36
ITEM01084,ORD0432,PROD048,Sports,2.0,3454.86,10,6218.75
ITEM01085,ORD0433,PROD009,Electronics,3.0,3434.66,0,10303.98
ITEM01086,ORD0433,PROD030,Fashion,4.0,4456.97,5,16936.49
ITEM01087,ORD0433,PROD005,Electronics,5.0,5039.33,0,25196.65
ITEM01088,ORD0433,PROD017,Home & Kitchen,5.0,895.62,0,4478.1
ITEM01089,ORD0434,PROD004,Electronics,2.0,5398.5,0,10797.0
ITEM01090,ORD0434,PROD008,Electronics,1.0,2453.63,10,2208.27
ITEM01091,ORD0434,PROD007,Electronics,3.0,157.66,0,472.98
ITEM01092,ORD0434,PROD006,Electronics,2.0,1744.28,0,3488.56
ITEM01093,ORD0435,PROD041,Sports,3.0,1409.86,10,3806.62
ITEM01094,ORD0435,PROD021,Fashion,1.0,1279.07,15,1087.21
ITEM01095,ORD0436,PROD017,Home & Kitchen,4.0,895.62,0,3582.48
ITEM01096,ORD0436,PROD032,Stationery,1.0,4971.23,5,4722.67
ITEM01097,ORD0437,PROD034,Stationery,4.0,4498.22,0,17992.88
ITEM01098,ORD0437,PROD007,Electronics,5.0,157.66,0,788.3
ITEM01099,ORD0437,PROD021,Fashion,4.0,1279.07,0,5116.28
ITEM01100,ORD0437,PROD013,Home & Kitchen,2.0,610.15,0,1220.3
ITEM01101,ORD0438,PROD025,Fashion,5.0,688.36,10,3097.62
ITEM01102,ORD0438,PROD003,Electronics,2.0,787.39,0,1574.78
ITEM01103,ORD0439,PROD039,Stationery,5.0,2966.74,0,14833.7
ITEM01104,ORD0440,PROD026,Fashion,2.0,1319.07,0,2638.14
ITEM01105,ORD0441,PROD013,Home & Kitchen,5.0,610.15,5,2898.21
ITEM01106,ORD0441,PROD024,Fashion,5.0,4539.75,10,20428.88
ITEM01107,ORD0442,PROD045,Sports,3.0,2292.74,0,6878.22
ITEM01108,ORD0443,PROD025,Fashion,4.0,688.36,10,2478.1
ITEM01109,ORD0443,PROD016,Home & Kitchen,4.0,3081.13,5,11708.29
ITEM01110,ORD0444,PROD042,Sports,2.0,2373.9,5,4510.41
ITEM01111,ORD0444,PROD048,Sports,5.0,3454.86,0,17274.3
ITEM01112,ORD0445,PROD039,Stationery,5.0,2966.74,15,12608.64
ITEM01113,ORD0445,PROD015,Home & Kitchen,5.0,4887.56,0,24437.8
ITEM01114,ORD0446,PROD047,Sports,3.0,2787.61,5,7944.69
ITEM01115,ORD0446,PROD025,Fashion,5.0,688.36,10,3097.62
ITEM01116,ORD0447,PROD002,Electronics,2.0,1984.17,5,3769.92
ITEM01117,ORD0448,PROD011,Home & Kitchen,2.0,3107.99,0,6215.98
ITEM01118,ORD0448,PROD049,Sports,1.0,5140.7,0,5140.7
ITEM01119,ORD0448,PROD003,Electronics,5.0,787.39,10,3543.26
ITEM01120,ORD0448,PROD038,Stationery,4.0,4106.0,0,16424.0
ITEM01121,ORD0449,PROD036,Stationery,2.0,2263.97,5,4301.54
ITEM01122,ORD0450,PROD002,Electronics,5.0,1984.17,10,8928.77
ITEM01123,ORD0451,PROD018,Home & Kitchen,1.0,1399.44,5,1329.47
ITEM01124,ORD0452,PROD011,Home & Kitchen,5.0,3107.99,10,13985.95
ITEM01125,ORD0452,PROD023,Fashion,1.0,2613.33,15,2221.33
ITEM01126,ORD0453,PROD002,Electronics,5.0,1984.17,5,9424.81
ITEM01127,ORD0453,PROD019,Home & Kitchen,3.0,3501.59,0,10504.77
ITEM01128,ORD0453,PROD029,Fashion,5.0,2877.77,5,13669.41
ITEM01129,ORD0453,PROD028,Fashion,2.0,1697.6,5,3225.44
ITEM01130,ORD0454,PROD038,Stationery,3.0,4106.0,10,11086.2
ITEM01131,ORD0454,PROD039,Stationery,5.0,2966.74,0,14833.7
ITEM01132,ORD0454,PROD002,Electronics,4.0,1984.17,0,7936.68
ITEM01133,ORD0454,PROD005,Electronics,3.0,5039.33,5,14362.09
ITEM01134,ORD0455,PROD024,Fashion,1.0,4539.75,0,4539.75
ITEM01135,ORD0455,PROD005,Electronics,5.0,5039.33,10,22676.99
ITEM01136,ORD0456,PROD035,Stationery,3.0,5320.82,0,15962.46
ITEM01137,ORD0456,PROD009,Electronics,1.0,3434.66,15,2919.46
ITEM01138,ORD0456,PROD030,Fashion,1.0,4456.97,10,4011.27
ITEM01139,ORD0456,PROD016,Home & Kitchen,5.0,3081.13,0,15405.65
ITEM01140,ORD0457,PROD030,Fashion,4.0,4456.97,15,15153.7
ITEM01141,ORD0458,PROD024,Fashion,3.0,4539.75,5,12938.29
ITEM01142,ORD0458,PROD040,Stationery,3.0,505.61,0,1516.83
ITEM01143,ORD0459,PROD021,Fashion,4.0,1279.07,15,4348.84
ITEM01144,ORD0459,PROD016,Home & Kitchen,5.0,3081.13,0,15405.65
ITEM01145,ORD0460,PROD036,Stationery,5.0,2263.97,5,10753.86
ITEM01146,ORD0460,PROD045,Sports,5.0,2292.74,0,11463.7
ITEM01147,ORD0460,PROD040,Stationery,5.0,505.61,0,2528.05
ITEM01148,ORD0461,PROD045,Sports,2.0,2292.74,5,4356.21
ITEM01149,ORD0461,PROD032,Stationery,5.0,4971.23,10,22370.53
ITEM01150,ORD0461,PROD008,Electronics,4.0,2453.63,0,9814.52
ITEM01151,ORD0461,PROD047,Sports,3.0,2787.61,10,7526.55
ITEM01152,ORD0462,PROD049,Sports,3.0,5140.7,0,15422.1
ITEM01153,ORD0462,PROD038,Stationery,5.0,4106.0,0,20530.0
ITEM01154,ORD0462,PROD034,Stationery,4.0,4498.22,15,15293.95
ITEM01155,ORD0462,PROD025,Fashion,2.0,688.36,15,1170.21
ITEM01156,ORD0463,PROD021,Fashion,2.0,1279.07,5,2430.23
ITEM01157,ORD0464,PROD002,Electronics,1.0,1984.17,0,1984.17
ITEM01158,ORD0464,PROD042,Sports,5.0,2373.9,5,11276.02
ITEM01159,ORD0465,PROD030,Fashion,5.0,4456.97,10,20056.37
ITEM01160,ORD0465,PROD023,Fashion,1.0,2613.33,0,2613.33
ITEM01161,ORD0465,PROD031,Stationery,4.0,3936.84,15,13385.26
ITEM01162,ORD0466,PROD030,Fashion,1.0,4456.97,0,4456.97
ITEM01163,ORD0467,PROD009,Electronics,5.0,3434.66,5,16314.63
ITEM01164,ORD0467,PROD004,Electronics,1.0,5398.5,0,5398.5
ITEM01165,ORD0467,PROD029,Fashion,3.0,2877.77,0,8633.31
ITEM01166,ORD0467,PROD041,Sports,3.0,1409.86,0,4229.58
ITEM01167,ORD0468,PROD041,Sports,4.0,1409.86,5,5357.47
ITEM01168,ORD0469,PROD011,Home & Kitchen,5.0,3107.99,0,15539.95
ITEM01169,ORD0469,PROD036,Stationery,2.0,2263.97,15,3848.75
ITEM01170,ORD0469,PROD024,Fashion,4.0,4539.75,5,17251.05
ITEM01171,ORD0470,PROD046,Sports,2.0,1940.54,15,3298.92
ITEM01172,ORD0471,PROD001,Electronics,2.0,1662.43,0,3324.86
ITEM01173,ORD0471,PROD047,Sports,5.0,2787.61,10,12544.25
ITEM01174,ORD0471,PROD017,Home & Kitchen,5.0,895.62,15,3806.39
ITEM01175,ORD0472,PROD024,Fashion,5.0,4539.75,0,22698.75
ITEM01176,ORD0472,PROD016,Home & Kitchen,1.0,3081.13,0,3081.13
ITEM01177,ORD0473,PROD032,Stationery,1.0,4971.23,0,4971.23
ITEM01178,ORD0473,PROD029,Fashion,1.0,2877.77,0,2877.77
ITEM01179,ORD0474,PROD013,Home & Kitchen,3.0,610.15,15,1555.88
ITEM01180,ORD0474,PROD022,Fashion,4.0,2330.57,5,8856.17
ITEM01181,ORD0474,PROD023,Fashion,5.0,2613.33,0,13066.65
ITEM01182,ORD0474,PROD036,Stationery,5.0,2263.97,0,11319.85
ITEM01183,ORD0475,PROD021,Fashion,1.0,1279.07,10,1151.16
ITEM01184,ORD0476,PROD012,Home & Kitchen,5.0,3498.84,10,15744.78
ITEM01185,ORD0476,PROD047,Sports,3.0,2787.61,0,8362.83
ITEM01186,ORD0476,PROD009,Electronics,3.0,3434.66,0,10303.98
ITEM01187,ORD0477,PROD024,Fashion,4.0,4539.75,5,17251.05
ITEM01188,ORD0477,PROD013,Home & Kitchen,5.0,610.15,0,3050.75
ITEM01189,ORD0478,PROD018,Home & Kitchen,2.0,1399.44,5,2658.94
ITEM01190,ORD0478,PROD030,Fashion,5.0,4456.97,0,22284.85
ITEM01191,ORD0478,PROD037,Stationery,5.0,1530.97,0,7654.85
ITEM01192,ORD0479,PROD019,Home & Kitchen,3.0,3501.59,0,10504.77
ITEM01193,ORD0479,PROD050,Sports,5.0,1570.41,0,7852.05
ITEM01194,ORD0479,PROD029,Fashion,5.0,2877.77,10,12949.97
ITEM01195,ORD0480,PROD028,Fashion,4.0,1697.6,5,6450.88
ITEM01196,ORD0480,PROD003,Electronics,5.0,787.39,5,3740.1
ITEM01197,ORD0480,PROD014,Home & Kitchen,2.0,3100.08,0,6200.16
ITEM01198,ORD0481,PROD019,Home & Kitchen,4.0,3501.59,10,12605.72
ITEM01199,ORD0481,PROD013,Home & Kitchen,1.0,610.15,5,579.64
ITEM01200,ORD0481,PROD026,Fashion,1.0,1319.07,0,1319.07
ITEM01201,ORD0481,PROD039,Stationery,1.0,2966.74,5,2818.4
ITEM01202,ORD0482,PROD024,Fashion,2.0,4539.75,0,9079.5
ITEM01203,ORD0482,PROD040,Stationery,4.0,505.61,0,2022.44
ITEM01204,ORD0483,PROD024,Fashion,3.0,4539.75,0,13619.25
ITEM01205,ORD0484,PROD032,Stationery,1.0,4971.23,5,4722.67
ITEM01206,ORD0484,PROD029,Fashion,3.0,2877.77,0,8633.31
ITEM01207,ORD0484,PROD045,Sports,5.0,2292.74,0,11463.7
ITEM01208,ORD0485,PROD021,Fashion,3.0,1279.07,0,3837.21
ITEM01209,ORD0485,PROD037,Stationery,2.0,1530.97,10,2755.75
ITEM01210,ORD0485,PROD003,Electronics,3.0,787.39,0,2362.17
ITEM01211,ORD0485,PROD017,Home & Kitchen,2.0,895.62,5,1701.68
ITEM01212,ORD0486,PROD049,Sports,2.0,5140.7,15,8739.19
ITEM01213,ORD0486,PROD034,Stationery,2.0,4498.22,0,8996.44
ITEM01214,ORD0487,PROD042,Sports,2.0,2373.9,0,4747.8
ITEM01215,ORD0487,PROD049,Sports,2.0,5140.7,10,9253.26
ITEM01216,ORD0488,PROD036,Stationery,2.0,2263.97,0,4527.94
ITEM01217,ORD0488,PROD042,Sports,1.0,2373.9,0,2373.9
ITEM01218,ORD0488,PROD005,Electronics,4.0,5039.33,10,18141.59
ITEM01219,ORD0489,PROD010,Electronics,5.0,2062.79,0,10313.95
ITEM01220,ORD0490,PROD037,Stationery,3.0,1530.97,10,4133.62
ITEM01221,ORD0490,PROD031,Stationery,3.0,3936.84,5,11219.99
ITEM01222,ORD0490,PROD034,Stationery,5.0,4498.22,0,22491.1
ITEM01223,ORD0490,PROD033,Stationery,4.0,3834.71,0,15338.84
ITEM01224,ORD0491,PROD013,Home & Kitchen,4.0,610.15,0,2440.6
ITEM01225,ORD0491,PROD019,Home & Kitchen,5.0,3501.59,0,17507.95
ITEM01226,ORD0491,PROD022,Fashion,1.0,2330.57,10,2097.51
ITEM01227,ORD0492,PROD029,Fashion,4.0,2877.77,10,10359.97
ITEM01228,ORD0492,PROD013,Home & Kitchen,1.0,610.15,10,549.13
ITEM01229,ORD0492,PROD050,Sports,3.0,1570.41,5,4475.67
ITEM01230,ORD0492,PROD044,Sports,2.0,2917.41,5,5543.08
ITEM01231,ORD0493,PROD043,Sports,5.0,1483.18,5,7045.11
ITEM01232,ORD0494,PROD034,Stationery,1.0,4498.22,0,4498.22
ITEM01233,ORD0494,PROD041,Sports,2.0,1409.86,5,2678.73
ITEM01234,ORD0494,PROD019,Home & Kitchen,5.0,3501.59,0,17507.95
ITEM01235,ORD0495,PROD027,Fashion,3.0,2155.11,10,5818.8
ITEM01236,ORD0495,PROD040,Stationery,3.0,505.61,0,1516.83
ITEM01237,ORD0495,PROD017,Home & Kitchen,5.0,895.62,0,4478.1
ITEM01238,ORD0496,PROD009,Electronics,3.0,3434.66,5,9788.78
ITEM01239,ORD0496,PROD011,Home & Kitchen,5.0,3107.99,0,15539.95
ITEM01240,ORD0497,PROD020,Home & Kitchen,2.0,2430.34,5,4617.65
ITEM01241,ORD0497,PROD040,Stationery,4.0,505.61,0,2022.44
ITEM01242,ORD0497,PROD041,Sports,4.0,1409.86,15,4793.52
ITEM01243,ORD0498,PROD010,Electronics,3.0,2062.79,5,5878.95
ITEM01244,ORD0498,PROD012,Home & Kitchen,3.0,3498.84,5,9971.69
ITEM01245,ORD0498,PROD016,Home & Kitchen,2.0,3081.13,10,5546.03
ITEM01246,ORD0499,PROD001,Electronics,5.0,1662.43,15,7065.33
ITEM01247,ORD0499,PROD046,Sports,2.0,1940.54,0,3881.08
ITEM01248,ORD0500,PROD038,Stationery,2.0,4106.0,10,7390.8
ITEM01249,ORD0500,PROD042,Sports,4.0,2373.9,5,9020.82
ITEM01250,ORD0500,PROD032,Stationery,2.0,4971.23,0,9942.46
ITEM01251,ORD0501,PROD048,Sports,4.0,3454.86,0,13819.44
ITEM01252,ORD0501,PROD024,Fashion,2.0,4539.75,5,8625.52
ITEM01253,ORD0502,PROD039,Stationery,2.0,2966.74,15,5043.46
ITEM01254,ORD0502,PROD043,Sports,5.0,1483.18,10,6674.31
ITEM01255,ORD0502,PROD009,Electronics,3.0,3434.66,5,9788.78
ITEM01256,ORD0502,PROD002,Electronics,3.0,1984.17,0,5952.51
ITEM01257,ORD0503,PROD047,Sports,4.0,2787.61,0,11150.44
ITEM01258,ORD0504,PROD040,Stationery,1.0,505.61,0,505.61
ITEM01259,ORD0504,PROD036,Stationery,3.0,2263.97,5,6452.31
ITEM01260,ORD0505,PROD011,Home & Kitchen,4.0,3107.99,15,10567.17
ITEM01261,ORD0506,PROD024,Fashion,3.0,4539.75,0,13619.25
ITEM01262,ORD0506,PROD025,Fashion,3.0,688.36,10,1858.57
ITEM01263,ORD0506,PROD022,Fashion,5.0,2330.57,0,11652.85
ITEM01264,ORD0507,PROD008,Electronics,1.0,2453.63,5,2330.95
ITEM01265,ORD0507,PROD004,Electronics,1.0,5398.5,0,5398.5
ITEM01266,ORD0507,PROD007,Electronics,5.0,157.66,0,788.3
ITEM01267,ORD0508,PROD025,Fashion,3.0,688.36,0,2065.08
ITEM01268,ORD0508,PROD029,Fashion,3.0,2877.77,15,7338.31
ITEM01269,ORD0509,PROD003,Electronics,4.0,787.39,0,3149.56
ITEM01270,ORD0509,PROD026,Fashion,4.0,1319.07,10,4748.65
ITEM01271,ORD0509,PROD040,Stationery,3.0,505.61,5,1440.99
ITEM01272,ORD0509,PROD036,Stationery,2.0,2263.97,0,4527.94
ITEM01273,ORD0510,PROD047,Sports,4.0,2787.61,15,9477.87
ITEM01274,ORD0510,PROD043,Sports,5.0,1483.18,10,6674.31
ITEM01275,ORD0510,PROD045,Sports,4.0,2292.74,0,9170.96
ITEM01276,ORD0511,PROD016,Home & Kitchen,2.0,3081.13,0,6162.26
ITEM01277,ORD0512,PROD050,Sports,3.0,1570.41,0,4711.23
ITEM01278,ORD0512,PROD019,Home & Kitchen,3.0,3501.59,15,8929.05
ITEM01279,ORD0513,PROD025,Fashion,5.0,688.36,15,2925.53
ITEM01280,ORD0513,PROD012,Home & Kitchen,4.0,3498.84,0,13995.36
ITEM01281,ORD0513,PROD006,Electronics,4.0,1744.28,0,6977.12
ITEM01282,ORD0514,PROD036,Stationery,4.0,2263.97,0,9055.88
ITEM01283,ORD0514,PROD028,Fashion,2.0,1697.6,0,3395.2
ITEM01284,ORD0514,PROD013,Home & Kitchen,2.0,610.15,15,1037.25
ITEM01285,ORD0514,PROD042,Sports,2.0,2373.9,15,4035.63
ITEM01286,ORD0515,PROD005,Electronics,1.0,5039.33,0,5039.33
ITEM01287,ORD0515,PROD001,Electronics,2.0,1662.43,5,3158.62
ITEM01288,ORD0515,PROD047,Sports,1.0,2787.61,0,2787.61
ITEM01289,ORD0516,PROD046,Sports,4.0,1940.54,10,6985.94
ITEM01290,ORD0517,PROD029,Fashion,1.0,2877.77,5,2733.88
ITEM01291,ORD0518,PROD045,Sports,1.0,2292.74,0,2292.74
ITEM01292,ORD0519,PROD017,Home & Kitchen,1.0,895.62,15,761.28
ITEM01293,ORD0519,PROD023,Fashion,4.0,2613.33,0,10453.32
ITEM01294,ORD0520,PROD047,Sports,2.0,2787.61,15,4738.94
ITEM01295,ORD0520,PROD014,Home & Kitchen,3.0,3100.08,5,8835.23
ITEM01296,ORD0521,PROD005,Electronics,2.0,5039.33,10,9070.79
ITEM01297,ORD0521,PROD039,Stationery,2.0,2966.74,0,5933.48
ITEM01298,ORD0522,PROD028,Fashion,3.0,1697.6,0,5092.8
ITEM01299,ORD0523,PROD021,Fashion,4.0,1279.07,10,4604.65
ITEM01300,ORD0523,PROD029,Fashion,3.0,2877.77,10,7769.98
ITEM01301,ORD0523,PROD023,Fashion,4.0,2613.33,0,10453.32
ITEM01302,ORD0523,PROD044,Sports,5.0,2917.41,0,14587.05
ITEM01303,ORD0524,PROD008,Electronics,5.0,2453.63,5,11654.74
ITEM01304,ORD0524,PROD029,Fashion,5.0,2877.77,15,12230.52
ITEM01305,ORD0524,PROD009,Electronics,5.0,3434.66,0,17173.3
ITEM01306,ORD0524,PROD043,Sports,3.0,1483.18,5,4227.06
ITEM01307,ORD0525,PROD024,Fashion,1.0,4539.75,5,4312.76
ITEM01308,ORD0525,PROD016,Home & Kitchen,3.0,3081.13,0,9243.39
ITEM01309,ORD0526,PROD011,Home & Kitchen,3.0,3107.99,0,9323.97
ITEM01310,ORD0526,PROD017,Home & Kitchen,3.0,895.62,0,2686.86
ITEM01311,ORD0526,PROD044,Sports,1.0,2917.41,10,2625.67
ITEM01312,ORD0526,PROD007,Electronics,2.0,157.66,0,315.32
ITEM01313,ORD0527,PROD032,Stationery,4.0,4971.23,10,17896.43
ITEM01314,ORD0527,PROD005,Electronics,1.0,5039.33,15,4283.43
ITEM01315,ORD0527,PROD001,Electronics,4.0,1662.43,5,6317.23
ITEM01316,ORD0528,PROD025,Fashion,1.0,688.36,5,653.94
ITEM01317,ORD0528,PROD044,Sports,3.0,2917.41,10,7877.01
ITEM01318,ORD0528,PROD035,Stationery,2.0,5320.82,0,10641.64
ITEM01319,ORD0529,PROD036,Stationery,2.0,2263.97,5,4301.54
ITEM01320,ORD0529,PROD019,Home & Kitchen,5.0,3501.59,5,16632.55
ITEM01321,ORD0529,PROD040,Stationery,4.0,505.61,0,2022.44
ITEM01322,ORD0530,PROD010,Electronics,4.0,2062.79,5,7838.6
ITEM01323,ORD0530,PROD005,Electronics,2.0,5039.33,0,10078.66
ITEM01324,ORD0531,PROD025,Fashion,4.0,688.36,15,2340.42
ITEM01325,ORD0532,PROD041,Sports,5.0,1409.86,10,6344.37
ITEM01326,ORD0532,PROD039,Stationery,3.0,2966.74,0,8900.22
ITEM01327,ORD0533,PROD048,Sports,4.0,3454.86,0,13819.44
ITEM01328,ORD0533,PROD016,Home & Kitchen,1.0,3081.13,0,3081.13
ITEM01329,ORD0533,PROD050,Sports,2.0,1570.41,0,3140.82
ITEM01330,ORD0534,PROD022,Fashion,4.0,2330.57,10,8390.05
ITEM01331,ORD0535,PROD027,Fashion,3.0,2155.11,15,5495.53
ITEM01332,ORD0535,PROD012,Home & Kitchen,5.0,3498.84,5,16619.49
ITEM01333,ORD0535,PROD029,Fashion,2.0,2877.77,0,5755.54
ITEM01334,ORD0535,PROD019,Home & Kitchen,1.0,3501.59,0,3501.59
ITEM01335,ORD0536,PROD022,Fashion,5.0,2330.57,0,11652.85
ITEM01336,ORD0537,PROD022,Fashion,1.0,2330.57,0,2330.57
ITEM01337,ORD0537,PROD011,Home & Kitchen,3.0,3107.99,0,9323.97
ITEM01338,ORD0538,PROD018,Home & Kitchen,1.0,1399.44,0,1399.44
ITEM01339,ORD0538,PROD046,Sports,1.0,1940.54,0,1940.54
ITEM01340,ORD0538,PROD044,Sports,1.0,2917.41,5,2771.54
ITEM01341,ORD0538,PROD002,Electronics,2.0,1984.17,0,3968.34
ITEM01342,ORD0539,PROD024,Fashion,3.0,4539.75,5,12938.29
ITEM01343,ORD0539,PROD046,Sports,3.0,1940.54,5,5530.54
ITEM01344,ORD0539,PROD036,Stationery,1.0,2263.97,0,2263.97
ITEM01345,ORD0539,PROD022,Fashion,1.0,2330.57,0,2330.57
ITEM01346,ORD0540,PROD046,Sports,3.0,1940.54,5,5530.54
ITEM01347,ORD0541,PROD015,Home & Kitchen,5.0,4887.56,5,23215.91
ITEM01348,ORD0542,PROD013,Home & Kitchen,2.0,610.15,0,1220.3
ITEM01349,ORD0542,PROD008,Electronics,4.0,2453.63,0,9814.52
ITEM01350,ORD0543,PROD044,Sports,2.0,2917.41,5,5543.08
ITEM01351,ORD0544,PROD033,Stationery,2.0,3834.71,15,6519.01
ITEM01352,ORD0544,PROD044,Sports,1.0,2917.41,0,2917.41
ITEM01353,ORD0544,PROD030,Fashion,4.0,4456.97,15,15153.7
ITEM01354,ORD0544,PROD014,Home & Kitchen,1.0,3100.08,10,2790.07
ITEM01355,ORD0545,PROD022,Fashion,4.0,2330.57,5,8856.17
ITEM01356,ORD0545,PROD033,Stationery,3.0,3834.71,0,11504.13
ITEM01357,ORD0546,PROD050,Sports,1.0,1570.41,15,1334.85
ITEM01358,ORD0546,PROD027,Fashion,5.0,2155.11,10,9698.0
ITEM01359,ORD0547,PROD048,Sports,3.0,3454.86,5,9846.35
ITEM01360,ORD0548,PROD006,Electronics,2.0,1744.28,0,3488.56
ITEM01361,ORD0548,PROD014,Home & Kitchen,1.0,3100.08,15,2635.07
ITEM01362,ORD0548,PROD008,Electronics,2.0,2453.63,0,4907.26
ITEM01363,ORD0549,PROD043,Sports,4.0,1483.18,0,5932.72
ITEM01364,ORD0549,PROD049,Sports,1.0,5140.7,0,5140.7
ITEM01365,ORD0550,PROD036,Stationery,5.0,2263.97,0,11319.85
ITEM01366,ORD0550,PROD042,Sports,4.0,2373.9,0,9495.6
ITEM01367,ORD0550,PROD037,Stationery,1.0,1530.97,0,1530.97
ITEM01368,ORD0551,PROD019,Home & Kitchen,5.0,3501.59,0,17507.95
ITEM01369,ORD0551,PROD005,Electronics,3.0,5039.33,0,15117.99
ITEM01370,ORD0551,PROD025,Fashion,2.0,688.36,0,1376.72
ITEM01371,ORD0551,PROD024,Fashion,4.0,4539.75,0,18159.0
ITEM01372,ORD0552,PROD035,Stationery,1.0,5320.82,0,5320.82
ITEM01373,ORD0552,PROD026,Fashion,3.0,1319.07,15,3363.63
ITEM01374,ORD0552,PROD036,Stationery,2.0,2263.97,15,3848.75
ITEM01375,ORD0553,PROD042,Sports,2.0,2373.9,5,4510.41
ITEM01376,ORD0554,PROD026,Fashion,3.0,1319.07,10,3561.49
ITEM01377,ORD0554,PROD043,Sports,3.0,1483.18,5,4227.06
ITEM01378,ORD0555,PROD032,Stationery,1.0,4971.23,15,4225.55
ITEM01379,ORD0555,PROD015,Home & Kitchen,4.0,4887.56,0,19550.24
ITEM01380,ORD0556,PROD013,Home & Kitchen,3.0,610.15,0,1830.45
ITEM01381,ORD0556,PROD006,Electronics,4.0,1744.28,15,5930.55
ITEM01382,ORD0557,PROD019,Home & Kitchen,5.0,3501.59,0,17507.95
ITEM01383,ORD0557,PROD006,Electronics,5.0,1744.28,15,7413.19
ITEM01384,ORD0557,PROD049,Sports,4.0,5140.7,0,20562.8
ITEM01385,ORD0557,PROD040,Stationery,5.0,505.61,0,2528.05
ITEM01386,ORD0558,PROD027,Fashion,3.0,2155.11,15,5495.53
ITEM01387,ORD0558,PROD013,Home & Kitchen,4.0,610.15,0,2440.6
ITEM01388,ORD0558,PROD019,Home & Kitchen,5.0,3501.59,10,15757.16
ITEM01389,ORD0559,PROD040,Stationery,1.0,505.61,10,455.05
ITEM01390,ORD0559,PROD008,Electronics,2.0,2453.63,5,4661.9
ITEM01391,ORD0560,PROD028,Fashion,3.0,1697.6,10,4583.52
ITEM01392,ORD0560,PROD003,Electronics,3.0,787.39,5,2244.06
ITEM01393,ORD0560,PROD048,Sports,1.0,3454.86,15,2936.63
ITEM01394,ORD0561,PROD042,Sports,2.0,2373.9,0,4747.8
ITEM01395,ORD0561,PROD030,Fashion,5.0,4456.97,0,22284.85
ITEM01396,ORD0561,PROD001,Electronics,5.0,1662.43,0,8312.15
ITEM01397,ORD0561,PROD008,Electronics,3.0,2453.63,15,6256.76
ITEM01398,ORD0562,PROD045,Sports,5.0,2292.74,5,10890.51
ITEM01399,ORD0563,PROD007,Electronics,5.0,157.66,15,670.05
ITEM01400,ORD0563,PROD038,Stationery,4.0,4106.0,10,14781.6
ITEM01401,ORD0564,PROD010,Electronics,5.0,2062.79,0,10313.95
ITEM01402,ORD0564,PROD034,Stationery,3.0,4498.22,5,12819.93
ITEM01403,ORD0565,PROD006,Electronics,1.0,1744.28,0,1744.28
ITEM01404,ORD0565,PROD017,Home & Kitchen,5.0,895.62,15,3806.39
ITEM01405,ORD0565,PROD047,Sports,1.0,2787.61,0,2787.61
ITEM01406,ORD0566,PROD002,Electronics,2.0,1984.17,0,3968.34
ITEM01407,ORD0566,PROD046,Sports,2.0,1940.54,0,3881.08
ITEM01408,ORD0567,PROD041,Sports,2.0,1409.86,0,2819.72
ITEM01409,ORD0567,PROD021,Fashion,1.0,1279.07,10,1151.16
ITEM01410,ORD0567,PROD012,Home & Kitchen,4.0,3498.84,15,11896.06
ITEM01411,ORD0567,PROD039,Stationery,4.0,2966.74,10,10680.26
ITEM01412,ORD0568,PROD013,Home & Kitchen,1.0,610.15,0,610.15
ITEM01413,ORD0568,PROD039,Stationery,2.0,2966.74,10,5340.13
ITEM01414,ORD0568,PROD028,Fashion,1.0,1697.6,0,1697.6
ITEM01415,ORD0569,PROD004,Electronics,4.0,5398.5,0,21594.0
ITEM01416,ORD0569,PROD028,Fashion,4.0,1697.6,15,5771.84
ITEM01417,ORD0570,PROD038,Stationery,3.0,4106.0,10,11086.2
ITEM01418,ORD0571,PROD029,Fashion,3.0,2877.77,15,7338.31
ITEM01419,ORD0571,PROD013,Home & Kitchen,1.0,610.15,10,549.13
ITEM01420,ORD0571,PROD027,Fashion,3.0,2155.11,10,5818.8
ITEM01421,ORD0571,PROD032,Stationery,1.0,4971.23,15,4225.55
ITEM01422,ORD0572,PROD018,Home & Kitchen,3.0,1399.44,0,4198.32
ITEM01423,ORD0573,PROD008,Electronics,5.0,2453.63,0,12268.15
ITEM01424,ORD0573,PROD032,Stationery,1.0,4971.23,15,4225.55
ITEM01425,ORD0574,PROD010,Electronics,5.0,2062.79,5,9798.25
ITEM01426,ORD0574,PROD026,Fashion,2.0,1319.07,0,2638.14
ITEM01427,ORD0575,PROD024,Fashion,5.0,4539.75,15,19293.94
ITEM01428,ORD0575,PROD001,Electronics,2.0,1662.43,10,2992.37
ITEM01429,ORD0576,PROD009,Electronics,1.0,3434.66,15,2919.46
ITEM01430,ORD0576,PROD008,Electronics,5.0,2453.63,0,12268.15
ITEM01431,ORD0576,PROD029,Fashion,4.0,2877.77,15,9784.42
ITEM01432,ORD0576,PROD031,Stationery,4.0,3936.84,0,15747.36
ITEM01433,ORD0577,PROD020,Home & Kitchen,2.0,2430.34,10,4374.61
ITEM01434,ORD0577,PROD035,Stationery,4.0,5320.82,10,19154.95
ITEM01435,ORD0578,PROD012,Home & Kitchen,2.0,3498.84,10,6297.91
ITEM01436,ORD0578,PROD047,Sports,5.0,2787.61,5,13241.15
ITEM01437,ORD0578,PROD017,Home & Kitchen,3.0,895.62,0,2686.86
ITEM01438,ORD0579,PROD050,Sports,3.0,1570.41,5,4475.67
ITEM01439,ORD0579,PROD019,Home & Kitchen,4.0,3501.59,15,11905.41
ITEM01440,ORD0579,PROD009,Electronics,3.0,3434.66,10,9273.58
ITEM01441,ORD0580,PROD013,Home & Kitchen,5.0,610.15,10,2745.68
ITEM01442,ORD0580,PROD002,Electronics,2.0,1984.17,5,3769.92
ITEM01443,ORD0581,PROD028,Fashion,3.0,1697.6,5,4838.16
ITEM01444,ORD0581,PROD026,Fashion,4.0,1319.07,5,5012.47
ITEM01445,ORD0581,PROD030,Fashion,1.0,4456.97,15,3788.42
ITEM01446,ORD0582,PROD016,Home & Kitchen,3.0,3081.13,10,8319.05
ITEM01447,ORD0583,PROD049,Sports,5.0,5140.7,0,25703.5
ITEM01448,ORD0584,PROD042,Sports,1.0,2373.9,0,2373.9
ITEM01449,ORD0584,PROD015,Home & Kitchen,2.0,4887.56,0,9775.12
ITEM01450,ORD0584,PROD048,Sports,3.0,3454.86,0,10364.58
ITEM01451,ORD0585,PROD015,Home & Kitchen,5.0,4887.56,10,21994.02
ITEM01452,ORD0585,PROD032,Stationery,5.0,4971.23,10,22370.53
ITEM01453,ORD0585,PROD012,Home & Kitchen,5.0,3498.84,0,17494.2
ITEM01454,ORD0586,PROD019,Home & Kitchen,1.0,3501.59,5,3326.51
ITEM01455,ORD0587,PROD031,Stationery,2.0,3936.84,0,7873.68
ITEM01456,ORD0587,PROD008,Electronics,3.0,2453.63,0,7360.89
ITEM01457,ORD0587,PROD047,Sports,5.0,2787.61,0,13938.05
ITEM01458,ORD0588,PROD045,Sports,3.0,2292.74,0,6878.22
ITEM01459,ORD0588,PROD048,Sports,1.0,3454.86,10,3109.37
ITEM01460,ORD0589,PROD038,Stationery,5.0,4106.0,0,20530.0
ITEM01461,ORD0589,PROD050,Sports,1.0,1570.41,15,1334.85
ITEM01462,ORD0589,PROD029,Fashion,3.0,2877.77,5,8201.64
ITEM01463,ORD0589,PROD036,Stationery,2.0,2263.97,5,4301.54
ITEM01464,ORD0590,PROD050,Sports,5.0,1570.41,15,6674.24
ITEM01465,ORD0591,PROD049,Sports,1.0,5140.7,15,4369.59
ITEM01466,ORD0591,PROD033,Stationery,5.0,3834.71,5,18214.87
ITEM01467,ORD0591,PROD050,Sports,1.0,1570.41,0,1570.41
ITEM01468,ORD0592,PROD003,Electronics,3.0,787.39,5,2244.06
ITEM01469,ORD0592,PROD008,Electronics,4.0,2453.63,0,9814.52
ITEM01470,ORD0592,PROD012,Home & Kitchen,2.0,3498.84,15,5948.03
ITEM01471,ORD0593,PROD011,Home & Kitchen,4.0,3107.99,0,12431.96
ITEM01472,ORD0594,PROD030,Fashion,5.0,4456.97,0,22284.85
ITEM01473,ORD0594,PROD038,Stationery,3.0,4106.0,10,11086.2
ITEM01474,ORD0594,PROD031,Stationery,5.0,3936.84,0,19684.2
ITEM01475,ORD0595,PROD041,Sports,5.0,1409.86,15,5991.9
ITEM01476,ORD0595,PROD031,Stationery,2.0,3936.84,0,7873.68
ITEM01477,ORD0595,PROD037,Stationery,1.0,1530.97,15,1301.32
ITEM01478,ORD0596,PROD022,Fashion,4.0,2330.57,10,8390.05
ITEM01479,ORD0596,PROD024,Fashion,5.0,4539.75,10,20428.88
ITEM01480,ORD0596,PROD005,Electronics,1.0,5039.33,0,5039.33
ITEM01481,ORD0596,PROD027,Fashion,4.0,2155.11,0,8620.44
ITEM01482,ORD0597,PROD046,Sports,2.0,1940.54,0,3881.08
ITEM01483,ORD0597,PROD005,Electronics,3.0,5039.33,0,15117.99
ITEM01484,ORD0597,PROD017,Home & Kitchen,4.0,895.62,10,3224.23
ITEM01485,ORD0597,PROD033,Stationery,1.0,3834.71,10,3451.24
ITEM01486,ORD0598,PROD008,Electronics,3.0,2453.63,0,7360.89
ITEM01487,ORD0598,PROD022,Fashion,4.0,2330.57,10,8390.05
ITEM01488,ORD0598,PROD028,Fashion,4.0,1697.6,15,5771.84
ITEM01489,ORD0598,PROD017,Home & Kitchen,2.0,895.62,0,1791.24
ITEM01490,ORD0599,PROD015,Home & Kitchen,5.0,4887.56,0,24437.8
ITEM01491,ORD0599,PROD032,Stationery,4.0,4971.23,5,18890.67
ITEM01492,ORD0599,PROD025,Fashion,5.0,688.36,0,3441.8
ITEM01493,ORD0599,PROD026,Fashion,5.0,1319.07,10,5935.81
ITEM01494,ORD0600,PROD009,Electronics,2.0,3434.66,0,6869.32
ITEM01495,ORD0600,PROD035,Stationery,3.0,5320.82,5,15164.34
ITEM01496,ORD0447,PROD003,Electronics,5.0,787.39,0,3936.95
ITEM01497,ORD0447,PROD005,Electronics,1.0,5039.33,15,4283.43
ITEM01498,ORD0447,PROD040,Stationery,4.0,505.61,5,1921.32
ITEM01499,ORD0405,PROD021,Fashion,3.0,1279.07,0,3837.21
ITEM01500,ORD0405,PROD012,Home & Kitchen,3.0,3498.84,0,10496.52
ITEM01501,ORD0405,PROD007,Electronics,5.0,157.66,15,670.05
ITEM01502,ORD0510,PROD040,Stationery,3.0,505.61,0,1516.83
ITEM01503,ORD0456,PROD045,Sports,5.0,2292.74,5,10890.51
ITEM01504,ORD0456,PROD005,Electronics,5.0,5039.33,0,25196.65
ITEM01505,ORD0456,PROD028,Fashion,4.0,1697.6,0,6790.4
